OTU,Kingdom,Phylum,Class,Order,Family,Genus,Species
OTU1,Bacteria,Bacteroidota,Bacteroidia,Bacteroidales,Prevotellaceae,Prevotellaceae UCG-001,NA
OTU2,Bacteria,Bacteroidota,Bacteroidia,Bacteroidales,Muribaculaceae,NA,NA
OTU3,Bacteria,Firmicutes,Clostridia,Lachnospirales,Lachnospiraceae,Lachnospiraceae NK4A136 group,NA
OTU4,Bacteria,Bacteroidota,Bacteroidia,Bacteroidales,Muribaculaceae,NA,NA
OTU5,Bacteria,Firmicutes,Clostridia,Lachnospirales,Lachnospiraceae,Lachnospiraceae NK4A136 group,bacterium
OTU6,Bacteria,Bacteroidota,Bacteroidia,Bacteroidales,Rikenellaceae,Alistipes,NA
OTU7,Bacteria,Bacteroidota,Bacteroidia,Bacteroidales,Muribaculaceae,NA,NA
OTU8,Bacteria,Bacteroidota,Bacteroidia,Bacteroidales,Muribaculaceae,NA,NA
OTU9,Bacteria,Bacteroidota,Bacteroidia,Bacteroidales,Muribaculaceae,NA,NA
OTU10,Bacteria,Bacteroidota,Bacteroidia,Bacteroidales,Rikenellaceae,Alistipes,NA
OTU11,Bacteria,Firmicutes,Bacilli,Lactobacillales,Lactobacillaceae,Lactobacillus,NA
OTU12,Bacteria,Verrucomicrobiota,Verrucomicrobiae,Verrucomicrobiales,Akkermansiaceae,Akkermansia,muciniphila
OTU13,Bacteria,Firmicutes,Clostridia,Lachnospirales,Lachnospiraceae,Lachnospiraceae NK4A136 group,NA
OTU14,Bacteria,Bacteroidota,Bacteroidia,Bacteroidales,Muribaculaceae,NA,NA
OTU15,Bacteria,Firmicutes,Clostridia,Clostridia vadinBB60 group,NA,NA,NA
OTU16,Bacteria,Firmicutes,Clostridia,Lachnospirales,Lachnospiraceae,Lachnospiraceae NK4A136 group,NA
OTU17,Bacteria,Bacteroidota,Bacteroidia,Bacteroidales,Muribaculaceae,NA,NA
OTU18,Bacteria,Proteobacteria,Gammaproteobacteria,Enterobacterales,Enterobacteriaceae,Klebsiella,NA
OTU19,Bacteria,Firmicutes,Bacilli,Lactobacillales,Lactobacillaceae,Lactobacillus,NA
OTU20,Bacteria,Bacteroidota,Bacteroidia,Bacteroidales,Muribaculaceae,NA,NA
OTU21,Bacteria,Bacteroidota,Bacteroidia,Bacteroidales,Rikenellaceae,Alistipes,NA
OTU22,Bacteria,Firmicutes,Clostridia,Lachnospirales,Lachnospiraceae,Lachnospiraceae NK4A136 group,NA
OTU23,Bacteria,Firmicutes,Bacilli,Staphylococcales,Staphylococcaceae,Jeotgalicoccus,NA
OTU24,Bacteria,Bacteroidota,Bacteroidia,Bacteroidales,Muribaculaceae,NA,NA
OTU25,Bacteria,Bacteroidota,Bacteroidia,Bacteroidales,Rikenellaceae,Alistipes,NA
OTU26,Bacteria,Bacteroidota,Bacteroidia,Bacteroidales,Muribaculaceae,NA,NA
OTU27,Bacteria,Bacteroidota,Bacteroidia,Bacteroidales,Prevotellaceae,Prevotellaceae UCG-001,NA
OTU28,Bacteria,Firmicutes,Clostridia,Lachnospirales,Lachnospiraceae,Lachnospiraceae NK4A136 group,NA
OTU29,Bacteria,Actinobacteriota,Actinobacteria,Bifidobacteriales,Bifidobacteriaceae,Bifidobacterium,NA
OTU30,Bacteria,Bacteroidota,Bacteroidia,Bacteroidales,Muribaculaceae,NA,NA
OTU31,Bacteria,Bacteroidota,Bacteroidia,Bacteroidales,Muribaculaceae,NA,NA
OTU32,Bacteria,Bacteroidota,Bacteroidia,Bacteroidales,Muribaculaceae,NA,NA
OTU33,Bacteria,Bacteroidota,Bacteroidia,Bacteroidales,Muribaculaceae,NA,NA
OTU34,Bacteria,Proteobacteria,Gammaproteobacteria,Enterobacterales,Enterobacteriaceae,Klebsiella,NA
OTU35,Bacteria,Bacteroidota,Bacteroidia,Bacteroidales,Muribaculaceae,NA,NA
OTU36,Bacteria,Firmicutes,Clostridia,Lachnospirales,Lachnospiraceae,Lachnospiraceae NK4A136 group,NA
OTU37,Bacteria,Firmicutes,Bacilli,Erysipelotrichales,Erysipelotrichaceae,Turicibacter,NA
OTU38,Bacteria,Bacteroidota,Bacteroidia,Bacteroidales,Rikenellaceae,Alistipes,NA
OTU39,Bacteria,Firmicutes,Clostridia,Oscillospirales,Oscillospiraceae,Oscillibacter,NA
OTU40,Bacteria,Firmicutes,Bacilli,Staphylococcales,Staphylococcaceae,Staphylococcus,NA
OTU41,Bacteria,Bacteroidota,Bacteroidia,Bacteroidales,Muribaculaceae,NA,NA
OTU42,Bacteria,Bacteroidota,Bacteroidia,Bacteroidales,Muribaculaceae,NA,NA
OTU43,Bacteria,Firmicutes,Clostridia,Lachnospirales,Lachnospiraceae,Lachnospiraceae NK4A136 group,NA
OTU44,Bacteria,Bacteroidota,Bacteroidia,Bacteroidales,Rikenellaceae,Alistipes,NA
OTU45,Bacteria,Firmicutes,Bacilli,Staphylococcales,Staphylococcaceae,Staphylococcus,NA
OTU46,Bacteria,Bacteroidota,Bacteroidia,Bacteroidales,Muribaculaceae,NA,NA
OTU47,Bacteria,Firmicutes,Bacilli,Lactobacillales,Enterococcaceae,Enterococcus,NA
OTU48,Bacteria,Firmicutes,Clostridia,Lachnospirales,Lachnospiraceae,NA,NA
OTU49,Bacteria,Firmicutes,Clostridia,Lachnospirales,Lachnospiraceae,Lachnospiraceae NK4A136 group,bacterium
OTU50,Bacteria,Bacteroidota,Bacteroidia,Bacteroidales,Rikenellaceae,Alistipes,NA
OTU51,Bacteria,Firmicutes,Clostridia,Oscillospirales,Oscillospiraceae,NA,NA
OTU52,Bacteria,Bacteroidota,Bacteroidia,Bacteroidales,Muribaculaceae,NA,NA
OTU53,Bacteria,Firmicutes,Clostridia,Oscillospirales,Ruminococcaceae,Ruminococcus,NA
OTU54,Bacteria,Firmicutes,Clostridia,Lachnospirales,Lachnospiraceae,Lachnospiraceae NK4A136 group,NA
OTU55,Bacteria,Firmicutes,Clostridia,Oscillospirales,Ruminococcaceae,Incertae Sedis,NA
OTU56,Bacteria,Firmicutes,Bacilli,Lactobacillales,Lactobacillaceae,Lactobacillus,NA
OTU57,Bacteria,Firmicutes,Clostridia,Lachnospirales,Lachnospiraceae,Roseburia,NA
OTU58,Bacteria,Firmicutes,Bacilli,Acholeplasmatales,Acholeplasmataceae,Anaeroplasma,NA
OTU59,Bacteria,Firmicutes,Clostridia,Oscillospirales,Oscillospiraceae,Intestinimonas,NA
OTU60,Bacteria,Bacteroidota,Bacteroidia,Bacteroidales,Muribaculaceae,NA,NA
OTU61,Bacteria,Firmicutes,Bacilli,Lactobacillales,Carnobacteriaceae,Atopostipes,suicloacalis
OTU62,Bacteria,Firmicutes,Clostridia,Oscillospirales,Ruminococcaceae,[Eubacterium] siraeum group,NA
OTU63,Bacteria,Firmicutes,Clostridia,Lachnospirales,Lachnospiraceae,Lachnospiraceae NK4A136 group,NA
OTU64,Bacteria,Bacteroidota,Bacteroidia,Bacteroidales,Muribaculaceae,NA,NA
OTU65,Bacteria,Bacteroidota,Bacteroidia,Bacteroidales,Muribaculaceae,NA,NA
OTU66,Bacteria,Firmicutes,Clostridia,Lachnospirales,Lachnospiraceae,Lachnospiraceae NK4A136 group,NA
OTU67,Bacteria,Bacteroidota,Bacteroidia,Bacteroidales,Muribaculaceae,NA,NA
OTU68,Bacteria,Bacteroidota,Bacteroidia,Bacteroidales,Muribaculaceae,NA,NA
OTU69,Bacteria,Firmicutes,Bacilli,Staphylococcales,Staphylococcaceae,NA,NA
OTU70,Bacteria,Bacteroidota,Bacteroidia,Bacteroidales,Prevotellaceae,Prevotellaceae UCG-001,NA
OTU71,Bacteria,Firmicutes,Clostridia,Lachnospirales,Lachnospiraceae,NA,NA
OTU72,Bacteria,Firmicutes,Clostridia,Clostridia UCG-014,NA,NA,NA
OTU73,Bacteria,Firmicutes,Clostridia,Lachnospirales,Lachnospiraceae,NA,NA
OTU74,Bacteria,Bacteroidota,Bacteroidia,Bacteroidales,Muribaculaceae,NA,NA
OTU75,Bacteria,Bacteroidota,Bacteroidia,Bacteroidales,Muribaculaceae,NA,NA
OTU76,Bacteria,Bacteroidota,Bacteroidia,Bacteroidales,Muribaculaceae,NA,NA
OTU77,Bacteria,Bacteroidota,Bacteroidia,Bacteroidales,Muribaculaceae,NA,NA
OTU78,Bacteria,Firmicutes,Bacilli,Lactobacillales,Lactobacillaceae,NA,NA
OTU79,Bacteria,Bacteroidota,Bacteroidia,Bacteroidales,Muribaculaceae,NA,NA
OTU80,Bacteria,Firmicutes,Clostridia,Lachnospirales,Lachnospiraceae,Lachnospiraceae AC2044 group,bacterium
OTU81,Bacteria,Firmicutes,Clostridia,Lachnospirales,Lachnospiraceae,Lachnospiraceae NK4A136 group,bacterium
OTU82,Bacteria,Firmicutes,Clostridia,Lachnospirales,Lachnospiraceae,Lachnoclostridium,NA
OTU83,Bacteria,Firmicutes,Clostridia,Lachnospirales,Lachnospiraceae,NA,NA
OTU84,Bacteria,Firmicutes,Clostridia,Clostridia vadinBB60 group,NA,NA,NA
OTU85,Bacteria,Proteobacteria,Gammaproteobacteria,Enterobacterales,Enterobacteriaceae,NA,NA
OTU86,Bacteria,Firmicutes,Clostridia,Oscillospirales,Oscillospiraceae,Oscillibacter,NA
OTU87,Bacteria,Bacteroidota,Bacteroidia,Bacteroidales,Muribaculaceae,NA,NA
OTU88,Bacteria,Bacteroidota,Bacteroidia,Bacteroidales,Prevotellaceae,Prevotellaceae UCG-001,NA
OTU89,Bacteria,Firmicutes,Clostridia,Lachnospirales,Lachnospiraceae,NA,NA
OTU90,Bacteria,Bacteroidota,Bacteroidia,Bacteroidales,Muribaculaceae,Muribaculum,intestinale
OTU91,Bacteria,Firmicutes,Clostridia,Lachnospirales,Lachnospiraceae,NA,NA
OTU92,Bacteria,Bacteroidota,Bacteroidia,Bacteroidales,Rikenellaceae,Alistipes,NA
OTU93,Bacteria,Firmicutes,Clostridia,Oscillospirales,Ruminococcaceae,Anaerotruncus,NA
OTU94,Bacteria,Firmicutes,Clostridia,Oscillospirales,Oscillospiraceae,Colidextribacter,NA
OTU95,Bacteria,Bacteroidota,Bacteroidia,Bacteroidales,Muribaculaceae,NA,NA
OTU96,Bacteria,Bacteroidota,Bacteroidia,Bacteroidales,Muribaculaceae,NA,NA
OTU97,Bacteria,Firmicutes,Clostridia,Lachnospirales,Lachnospiraceae,[Eubacterium] xylanophilum group,NA
OTU98,Bacteria,Firmicutes,Clostridia,Lachnospirales,Lachnospiraceae,NA,NA
OTU99,Bacteria,Bacteroidota,Bacteroidia,Bacteroidales,Muribaculaceae,NA,NA
OTU100,Bacteria,Firmicutes,Clostridia,Lachnospirales,Lachnospiraceae,Lachnospiraceae NK4A136 group,NA
OTU101,Bacteria,Bacteroidota,Bacteroidia,Bacteroidales,Muribaculaceae,NA,NA
OTU102,Bacteria,Firmicutes,Clostridia,Lachnospirales,Lachnospiraceae,NA,NA
OTU103,Bacteria,Firmicutes,Clostridia,Lachnospirales,Lachnospiraceae,NA,NA
OTU104,Bacteria,Bacteroidota,Bacteroidia,Bacteroidales,Muribaculaceae,NA,NA
OTU105,Bacteria,Firmicutes,Clostridia,Lachnospirales,Lachnospiraceae,NA,NA
OTU106,Bacteria,Firmicutes,Clostridia,Lachnospirales,Lachnospiraceae,Lachnospiraceae FCS020 group,NA
OTU107,Bacteria,Bacteroidota,Bacteroidia,Bacteroidales,Muribaculaceae,NA,NA
OTU108,Bacteria,Bacteroidota,Bacteroidia,Bacteroidales,Muribaculaceae,NA,NA
OTU109,Bacteria,Firmicutes,Clostridia,Clostridia UCG-014,NA,NA,NA
OTU110,Bacteria,Firmicutes,Clostridia,Lachnospirales,Lachnospiraceae,NA,NA
OTU111,Bacteria,Firmicutes,Clostridia,Lachnospirales,Lachnospiraceae,A2,NA
OTU112,Bacteria,Firmicutes,Clostridia,Lachnospirales,Lachnospiraceae,Lachnospiraceae NK4A136 group,NA
OTU113,Bacteria,Bacteroidota,Bacteroidia,Bacteroidales,Muribaculaceae,NA,NA
OTU114,Bacteria,Firmicutes,Clostridia,Lachnospirales,Lachnospiraceae,Lachnospiraceae NK4A136 group,NA
OTU115,Bacteria,Bacteroidota,Bacteroidia,Bacteroidales,Muribaculaceae,NA,NA
OTU116,Bacteria,Firmicutes,Clostridia,Lachnospirales,Lachnospiraceae,Marvinbryantia,NA
OTU117,Bacteria,Firmicutes,Clostridia,Oscillospirales,Oscillospiraceae,Colidextribacter,NA
OTU118,Bacteria,Bacteroidota,Bacteroidia,Bacteroidales,Prevotellaceae,Prevotellaceae UCG-001,NA
OTU119,Bacteria,Bacteroidota,Bacteroidia,Bacteroidales,Muribaculaceae,NA,NA
OTU120,Bacteria,Firmicutes,Clostridia,Lachnospirales,Lachnospiraceae,NA,NA
OTU121,Bacteria,Firmicutes,Clostridia,Lachnospirales,Lachnospiraceae,NA,NA
OTU122,Bacteria,Cyanobacteria,Cyanobacteriia,Chloroplast,NA,NA,NA
OTU123,Bacteria,Bacteroidota,Bacteroidia,Bacteroidales,Muribaculaceae,NA,NA
OTU124,Bacteria,Bacteroidota,Bacteroidia,Bacteroidales,Prevotellaceae,Prevotellaceae UCG-001,NA
OTU125,Bacteria,Firmicutes,Clostridia,Lachnospirales,Lachnospiraceae,Lachnospiraceae NK4A136 group,NA
OTU126,Bacteria,Bacteroidota,Bacteroidia,Bacteroidales,Muribaculaceae,NA,NA
OTU127,Bacteria,Firmicutes,Clostridia,Lachnospirales,Lachnospiraceae,Lachnospiraceae NK4A136 group,NA
OTU128,Bacteria,Bacteroidota,Bacteroidia,Bacteroidales,Muribaculaceae,NA,NA
OTU129,Bacteria,Firmicutes,Bacilli,Lactobacillales,Streptococcaceae,Streptococcus,NA
OTU130,Bacteria,Bacteroidota,Bacteroidia,Bacteroidales,Muribaculaceae,NA,NA
OTU131,Bacteria,Firmicutes,Clostridia,Lachnospirales,Lachnospiraceae,Lachnospiraceae NK4A136 group,NA
OTU132,Bacteria,Firmicutes,Clostridia,Lachnospirales,Lachnospiraceae,ASF356,NA
OTU133,Bacteria,Bacteroidota,Bacteroidia,Bacteroidales,Muribaculaceae,NA,NA
OTU134,Bacteria,Bacteroidota,Bacteroidia,Bacteroidales,Rikenellaceae,Alistipes,NA
OTU135,Bacteria,Bacteroidota,Bacteroidia,Bacteroidales,Rikenellaceae,Alistipes,NA
OTU136,Bacteria,Bacteroidota,Bacteroidia,Bacteroidales,Muribaculaceae,NA,NA
OTU137,Bacteria,Firmicutes,Clostridia,Lachnospirales,Lachnospiraceae,Lachnospiraceae NK4A136 group,NA
OTU138,Bacteria,Firmicutes,Clostridia,Lachnospirales,Lachnospiraceae,Tyzzerella,NA
OTU139,Bacteria,Firmicutes,Clostridia,Lachnospirales,Lachnospiraceae,Lachnospiraceae NK4A136 group,NA
OTU140,Bacteria,Bacteroidota,Bacteroidia,Bacteroidales,Prevotellaceae,Prevotellaceae UCG-001,NA
OTU141,Bacteria,Firmicutes,Clostridia,Lachnospirales,Lachnospiraceae,Lachnospiraceae NK4A136 group,NA
OTU142,Bacteria,Firmicutes,Clostridia,Lachnospirales,Lachnospiraceae,Lachnospiraceae NK4A136 group,NA
OTU143,Bacteria,Bacteroidota,Bacteroidia,Bacteroidales,Rikenellaceae,Alistipes,NA
OTU144,Bacteria,Bacteroidota,Bacteroidia,Bacteroidales,Rikenellaceae,Alistipes,NA
OTU145,Bacteria,Firmicutes,Clostridia,Oscillospirales,Butyricicoccaceae,Butyricicoccus,NA
OTU146,Bacteria,Bacteroidota,Bacteroidia,Bacteroidales,Muribaculaceae,NA,NA
OTU147,Bacteria,Bacteroidota,Bacteroidia,Bacteroidales,Muribaculaceae,NA,NA
OTU148,Bacteria,Firmicutes,Clostridia,Lachnospirales,Lachnospiraceae,Lachnoclostridium,NA
OTU149,Bacteria,Firmicutes,Clostridia,Lachnospirales,Lachnospiraceae,Lachnospiraceae NK4A136 group,NA
OTU150,Bacteria,Bacteroidota,Bacteroidia,Bacteroidales,Muribaculaceae,NA,NA
OTU151,Bacteria,Firmicutes,Clostridia,Clostridia UCG-014,NA,NA,NA
OTU152,Bacteria,Firmicutes,Clostridia,Lachnospirales,Lachnospiraceae,Lachnospiraceae NK4A136 group,NA
OTU153,Bacteria,Firmicutes,Clostridia,Lachnospirales,Lachnospiraceae,[Eubacterium] oxidoreducens group,NA
OTU154,Bacteria,Bacteroidota,Bacteroidia,Bacteroidales,Muribaculaceae,NA,NA
OTU155,Bacteria,Bacteroidota,Bacteroidia,Bacteroidales,Muribaculaceae,NA,NA
OTU156,Bacteria,Firmicutes,Clostridia,Lachnospirales,Lachnospiraceae,Roseburia,NA
OTU157,Bacteria,Bacteroidota,Bacteroidia,Bacteroidales,Muribaculaceae,NA,NA
OTU158,Bacteria,Firmicutes,Clostridia,Lachnospirales,Lachnospiraceae,NA,NA
OTU159,Bacteria,Firmicutes,Clostridia,Oscillospirales,Ruminococcaceae,Ruminococcus,NA
OTU160,Bacteria,Firmicutes,Clostridia,Lachnospirales,Lachnospiraceae,Lachnospiraceae NK4A136 group,NA
OTU161,Bacteria,Firmicutes,Clostridia,Monoglobales,Monoglobaceae,Monoglobus,NA
OTU162,Bacteria,Bacteroidota,Bacteroidia,Bacteroidales,Muribaculaceae,NA,NA
OTU163,Bacteria,Firmicutes,Bacilli,Lactobacillales,Lactobacillaceae,Lactobacillus,NA
OTU164,Bacteria,Bacteroidota,Bacteroidia,Bacteroidales,Muribaculaceae,NA,NA
OTU165,Bacteria,Firmicutes,Clostridia,Lachnospirales,Lachnospiraceae,NA,NA
OTU166,Bacteria,Firmicutes,Clostridia,Lachnospirales,Lachnospiraceae,[Eubacterium] oxidoreducens group,NA
OTU167,Bacteria,Firmicutes,Clostridia,Lachnospirales,Lachnospiraceae,NA,NA
OTU168,Bacteria,Bacteroidota,Bacteroidia,Bacteroidales,Muribaculaceae,NA,NA
OTU169,Bacteria,Firmicutes,Clostridia,Oscillospirales,Oscillospiraceae,NA,NA
OTU170,Bacteria,Firmicutes,Clostridia,Lachnospirales,Lachnospiraceae,[Eubacterium] xylanophilum group,NA
OTU171,Bacteria,Bacteroidota,Bacteroidia,Bacteroidales,Muribaculaceae,NA,NA
OTU172,Bacteria,Bacteroidota,Bacteroidia,Bacteroidales,Muribaculaceae,NA,NA
OTU173,Bacteria,Firmicutes,Clostridia,Lachnospirales,Lachnospiraceae,NA,NA
OTU174,Bacteria,Firmicutes,Clostridia,Lachnospirales,Lachnospiraceae,Roseburia,NA
OTU175,Bacteria,Firmicutes,Clostridia,Oscillospirales,Oscillospiraceae,Oscillibacter,NA
OTU176,Bacteria,Firmicutes,Clostridia,Lachnospirales,Lachnospiraceae,Lachnospiraceae UCG-006,bacterium
OTU177,Bacteria,Firmicutes,Clostridia,Clostridia UCG-014,NA,NA,NA
OTU178,Bacteria,Firmicutes,Bacilli,Lactobacillales,Lactobacillaceae,Lactobacillus,NA
OTU179,Bacteria,Bacteroidota,Bacteroidia,Bacteroidales,Muribaculaceae,NA,NA
OTU180,Bacteria,Bacteroidota,Bacteroidia,Bacteroidales,Muribaculaceae,NA,NA
OTU181,Bacteria,Bacteroidota,Bacteroidia,Bacteroidales,Muribaculaceae,NA,NA
OTU182,Bacteria,Bacteroidota,Bacteroidia,Bacteroidales,Muribaculaceae,NA,NA
OTU183,Bacteria,Firmicutes,Clostridia,Lachnospirales,Lachnospiraceae,A2,NA
OTU184,Bacteria,Firmicutes,Clostridia,Lachnospirales,Lachnospiraceae,Lachnospiraceae NK4A136 group,NA
OTU185,Bacteria,Bacteroidota,Bacteroidia,Bacteroidales,Muribaculaceae,NA,NA
OTU186,Bacteria,Firmicutes,Clostridia,Lachnospirales,Lachnospiraceae,NA,NA
OTU187,Bacteria,Firmicutes,Bacilli,Erysipelotrichales,Erysipelotrichaceae,Turicibacter,NA
OTU188,Bacteria,Firmicutes,Clostridia,Clostridia vadinBB60 group,NA,NA,NA
OTU189,Bacteria,Bacteroidota,Bacteroidia,Bacteroidales,Muribaculaceae,NA,NA
OTU190,Bacteria,Bacteroidota,Bacteroidia,Bacteroidales,Muribaculaceae,NA,NA
OTU191,Bacteria,Bacteroidota,Bacteroidia,Bacteroidales,Prevotellaceae,Prevotellaceae UCG-001,NA
OTU192,Bacteria,Firmicutes,Clostridia,Lachnospirales,Lachnospiraceae,Lachnospiraceae NK4A136 group,NA
OTU193,Bacteria,Bacteroidota,Bacteroidia,Bacteroidales,Muribaculaceae,NA,NA
OTU194,Bacteria,Bacteroidota,Bacteroidia,Bacteroidales,Muribaculaceae,NA,NA
OTU195,Bacteria,Bacteroidota,Bacteroidia,Bacteroidales,Muribaculaceae,NA,NA
OTU196,Bacteria,Bacteroidota,Bacteroidia,Bacteroidales,Prevotellaceae,Prevotellaceae UCG-001,NA
OTU197,Bacteria,Firmicutes,Clostridia,Lachnospirales,Lachnospiraceae,NA,NA
OTU198,Bacteria,Bacteroidota,Bacteroidia,Bacteroidales,Muribaculaceae,NA,NA
OTU199,Bacteria,Bacteroidota,Bacteroidia,Bacteroidales,Muribaculaceae,NA,NA
OTU200,Bacteria,Firmicutes,Clostridia,Lachnospirales,Lachnospiraceae,Lachnospiraceae NK4A136 group,NA
OTU201,Bacteria,Bacteroidota,Bacteroidia,Bacteroidales,Muribaculaceae,NA,NA
OTU202,Bacteria,Firmicutes,Clostridia,Lachnospirales,Lachnospiraceae,GCA-900066575,NA
OTU203,Bacteria,Bacteroidota,Bacteroidia,Bacteroidales,Muribaculaceae,NA,NA
OTU204,Bacteria,Bacteroidota,Bacteroidia,Bacteroidales,Rikenellaceae,Alistipes,NA
OTU205,Bacteria,Firmicutes,Clostridia,Oscillospirales,Oscillospiraceae,NA,NA
OTU206,Bacteria,Bacteroidota,Bacteroidia,Bacteroidales,Muribaculaceae,NA,NA
OTU207,Bacteria,Firmicutes,Clostridia,Lachnospirales,Defluviitaleaceae,Defluviitaleaceae UCG-011,NA
OTU208,Bacteria,Firmicutes,Clostridia,Oscillospirales,Ruminococcaceae,NA,NA
OTU209,Bacteria,Firmicutes,Clostridia,Lachnospirales,Lachnospiraceae,Lachnospiraceae NK4A136 group,NA
OTU210,Bacteria,Firmicutes,Clostridia,Lachnospirales,Lachnospiraceae,NA,NA
OTU211,Bacteria,Bacteroidota,Bacteroidia,Bacteroidales,Prevotellaceae,Prevotellaceae UCG-001,NA
OTU212,Bacteria,Firmicutes,Clostridia,Lachnospirales,Lachnospiraceae,NA,NA
OTU213,Bacteria,Firmicutes,Clostridia,Oscillospirales,Ruminococcaceae,Anaerotruncus,NA
OTU214,Bacteria,Bacteroidota,Bacteroidia,Bacteroidales,Muribaculaceae,NA,NA
OTU215,Bacteria,Firmicutes,Clostridia,Lachnospirales,Lachnospiraceae,Lachnospiraceae NK4A136 group,NA
OTU216,Bacteria,Firmicutes,Clostridia,Clostridia vadinBB60 group,NA,NA,NA
OTU217,Bacteria,Firmicutes,Clostridia,Lachnospirales,Lachnospiraceae,Lachnoclostridium,NA
OTU218,Bacteria,Bacteroidota,Bacteroidia,Bacteroidales,Muribaculaceae,NA,NA
OTU219,Bacteria,Firmicutes,Clostridia,Lachnospirales,Lachnospiraceae,[Eubacterium] xylanophilum group,NA
OTU220,Bacteria,Firmicutes,Clostridia,Lachnospirales,Lachnospiraceae,NA,NA
OTU221,Bacteria,Firmicutes,Bacilli,Lactobacillales,Lactobacillaceae,Lactobacillus,NA
OTU222,Bacteria,Firmicutes,Clostridia,Lachnospirales,Lachnospiraceae,Lachnospiraceae NK4A136 group,NA
OTU223,Bacteria,Firmicutes,Clostridia,Lachnospirales,Lachnospiraceae,NA,NA
OTU224,Bacteria,Firmicutes,Clostridia,Lachnospirales,Lachnospiraceae,NA,NA
OTU225,Bacteria,Bacteroidota,Bacteroidia,Bacteroidales,Muribaculaceae,NA,NA
OTU226,Bacteria,Firmicutes,Clostridia,Lachnospirales,Lachnospiraceae,NA,NA
OTU227,Bacteria,Firmicutes,Clostridia,Lachnospirales,Lachnospiraceae,Lachnospiraceae NK4A136 group,NA
OTU228,Bacteria,Firmicutes,Clostridia,Lachnospirales,Lachnospiraceae,Roseburia,NA
OTU229,Bacteria,Firmicutes,Clostridia,Lachnospirales,Lachnospiraceae,NA,NA
OTU230,Bacteria,Firmicutes,Clostridia,Oscillospirales,Ruminococcaceae,Anaerotruncus,NA
OTU231,Bacteria,Firmicutes,Clostridia,Lachnospirales,Lachnospiraceae,Lachnospiraceae NK4A136 group,NA
OTU232,Bacteria,Firmicutes,Clostridia,Lachnospirales,Lachnospiraceae,Roseburia,NA
OTU233,Bacteria,Firmicutes,Clostridia,Lachnospirales,Lachnospiraceae,NA,NA
OTU234,Bacteria,Bacteroidota,Bacteroidia,Bacteroidales,Muribaculaceae,NA,NA
OTU235,Bacteria,Firmicutes,Clostridia,Lachnospirales,Lachnospiraceae,NA,NA
OTU236,Bacteria,Firmicutes,Clostridia,Lachnospirales,Lachnospiraceae,Lachnospiraceae UCG-001,NA
OTU237,Bacteria,Firmicutes,Clostridia,Lachnospirales,Lachnospiraceae,NA,NA
OTU238,Bacteria,Firmicutes,Clostridia,Clostridia vadinBB60 group,NA,NA,NA
OTU239,Bacteria,Firmicutes,Clostridia,Lachnospirales,Lachnospiraceae,Marvinbryantia,NA
OTU240,Bacteria,Firmicutes,Clostridia,Lachnospirales,Lachnospiraceae,Lachnospiraceae NK4A136 group,NA
OTU241,Bacteria,Bacteroidota,Bacteroidia,Bacteroidales,Muribaculaceae,NA,NA
OTU242,Bacteria,Firmicutes,Clostridia,Lachnospirales,Lachnospiraceae,NA,NA
OTU243,Bacteria,Firmicutes,Bacilli,Erysipelotrichales,Erysipelotrichaceae,Turicibacter,NA
OTU244,Bacteria,Bacteroidota,Bacteroidia,Bacteroidales,Muribaculaceae,NA,NA
OTU245,Bacteria,Firmicutes,Bacilli,Lactobacillales,Carnobacteriaceae,Atopostipes,NA
OTU246,Bacteria,Bacteroidota,Bacteroidia,Bacteroidales,Muribaculaceae,NA,NA
OTU247,Bacteria,Firmicutes,Clostridia,Lachnospirales,Lachnospiraceae,Lachnospiraceae NK4A136 group,NA
OTU248,Bacteria,Bacteroidota,Bacteroidia,Bacteroidales,Muribaculaceae,NA,NA
OTU249,Bacteria,Actinobacteriota,Coriobacteriia,Coriobacteriales,Eggerthellaceae,Enterorhabdus,NA
OTU250,Bacteria,Actinobacteriota,Coriobacteriia,Coriobacteriales,Eggerthellaceae,Enterorhabdus,NA
OTU251,Bacteria,Firmicutes,Bacilli,Staphylococcales,Staphylococcaceae,Jeotgalicoccus,NA
OTU252,Bacteria,Firmicutes,Clostridia,Lachnospirales,Lachnospiraceae,[Eubacterium] xylanophilum group,NA
OTU253,Bacteria,Firmicutes,Clostridia,Lachnospirales,Lachnospiraceae,NA,NA
OTU254,Bacteria,Firmicutes,Bacilli,Staphylococcales,Staphylococcaceae,NA,NA
OTU255,Bacteria,Firmicutes,Clostridia,Lachnospirales,Lachnospiraceae,Lachnospiraceae NK4A136 group,NA
OTU256,Bacteria,Firmicutes,Clostridia,Lachnospirales,Lachnospiraceae,Lachnoclostridium,NA
OTU257,Bacteria,Firmicutes,Clostridia,Lachnospirales,Lachnospiraceae,NA,NA
OTU258,Bacteria,Firmicutes,Clostridia,Lachnospirales,Lachnospiraceae,NA,NA
OTU259,Bacteria,Firmicutes,Clostridia,Lachnospirales,Lachnospiraceae,NA,NA
OTU260,Bacteria,Firmicutes,Clostridia,Lachnospirales,Lachnospiraceae,GCA-900066575,NA
OTU261,Bacteria,Bacteroidota,Bacteroidia,Bacteroidales,Muribaculaceae,NA,NA
OTU262,Bacteria,Firmicutes,Bacilli,Lactobacillales,Lactobacillaceae,Lactobacillus,NA
OTU263,Bacteria,Firmicutes,Clostridia,Oscillospirales,UCG-010,NA,NA
OTU264,Bacteria,Firmicutes,Clostridia,Lachnospirales,Lachnospiraceae,Lachnospiraceae NK4A136 group,NA
OTU265,Bacteria,Firmicutes,Clostridia,Oscillospirales,Ruminococcaceae,Incertae Sedis,NA
OTU266,Bacteria,Firmicutes,Clostridia,Lachnospirales,Lachnospiraceae,Lachnospiraceae UCG-001,NA
OTU267,Bacteria,Firmicutes,Clostridia,Oscillospirales,Ruminococcaceae,NA,NA
OTU268,Bacteria,Bacteroidota,Bacteroidia,Bacteroidales,Rikenellaceae,Alistipes,NA
OTU269,Bacteria,Firmicutes,Clostridia,Oscillospirales,Oscillospiraceae,Colidextribacter,NA
OTU270,Bacteria,Firmicutes,Clostridia,Lachnospirales,Lachnospiraceae,NA,NA
OTU271,Bacteria,Bacteroidota,Bacteroidia,Bacteroidales,Muribaculaceae,NA,NA
OTU272,Bacteria,Firmicutes,Clostridia,Lachnospirales,Lachnospiraceae,Lachnospiraceae NK4A136 group,NA
OTU273,Bacteria,Firmicutes,Clostridia,Lachnospirales,Lachnospiraceae,ASF356,NA
OTU274,Bacteria,Bacteroidota,Bacteroidia,Bacteroidales,Muribaculaceae,NA,NA
OTU275,Bacteria,Bacteroidota,Bacteroidia,Bacteroidales,Muribaculaceae,NA,NA
OTU276,Bacteria,Firmicutes,Clostridia,Lachnospirales,Lachnospiraceae,Lachnospiraceae NK4A136 group,NA
OTU277,Bacteria,Firmicutes,Clostridia,Peptostreptococcales-Tissierellales,Anaerovoracaceae,[Eubacterium] nodatum group,NA
OTU278,Bacteria,Firmicutes,Clostridia,Lachnospirales,Lachnospiraceae,NA,NA
OTU279,Bacteria,Firmicutes,Clostridia,Lachnospirales,Lachnospiraceae,Lachnoclostridium,NA
OTU280,Bacteria,Bacteroidota,Bacteroidia,Bacteroidales,Muribaculaceae,NA,NA
OTU281,Bacteria,Firmicutes,Clostridia,Lachnospirales,Lachnospiraceae,NA,NA
OTU282,Bacteria,Firmicutes,Bacilli,Lactobacillales,Lactobacillaceae,Lactobacillus,NA
OTU283,Bacteria,Firmicutes,Bacilli,Lactobacillales,Streptococcaceae,Streptococcus,NA
OTU284,Bacteria,Firmicutes,Clostridia,Lachnospirales,Lachnospiraceae,Lachnospiraceae NK4A136 group,NA
OTU285,Bacteria,Firmicutes,Clostridia,Lachnospirales,Lachnospiraceae,Lachnospiraceae NK4A136 group,bacterium
OTU286,Bacteria,Firmicutes,Clostridia,Lachnospirales,Lachnospiraceae,NA,NA
OTU287,Bacteria,Bacteroidota,Bacteroidia,Bacteroidales,Muribaculaceae,NA,NA
OTU288,Bacteria,Firmicutes,Clostridia,Lachnospirales,Lachnospiraceae,Lachnospiraceae NK4A136 group,NA
OTU289,Bacteria,Firmicutes,Clostridia,Clostridia UCG-014,NA,NA,NA
OTU290,Bacteria,Firmicutes,Clostridia,Lachnospirales,Lachnospiraceae,Roseburia,NA
OTU291,Bacteria,Bacteroidota,Bacteroidia,Bacteroidales,Muribaculaceae,NA,NA
OTU292,Bacteria,Firmicutes,Clostridia,Lachnospirales,Lachnospiraceae,Lachnospiraceae NK4A136 group,NA
OTU293,Bacteria,Firmicutes,Clostridia,Lachnospirales,Lachnospiraceae,A2,NA
OTU294,Bacteria,Firmicutes,Clostridia,Lachnospirales,Lachnospiraceae,GCA-900066575,NA
OTU295,Bacteria,Firmicutes,Clostridia,Lachnospirales,Lachnospiraceae,Lachnospiraceae NK4A136 group,NA
OTU296,Bacteria,Firmicutes,Clostridia,Clostridia vadinBB60 group,NA,NA,NA
OTU297,Bacteria,Firmicutes,Clostridia,Lachnospirales,Lachnospiraceae,Marvinbryantia,NA
OTU298,Bacteria,Firmicutes,Clostridia,Lachnospirales,Lachnospiraceae,Lachnospiraceae NK4A136 group,NA
OTU299,Bacteria,Bacteroidota,Bacteroidia,Bacteroidales,Muribaculaceae,NA,NA
OTU300,Bacteria,Bacteroidota,Bacteroidia,Bacteroidales,Muribaculaceae,NA,NA
OTU301,Bacteria,Firmicutes,Clostridia,Lachnospirales,Lachnospiraceae,NA,NA
OTU302,Bacteria,Firmicutes,Clostridia,Lachnospirales,Lachnospiraceae,NA,NA
OTU303,Bacteria,Firmicutes,Clostridia,Lachnospirales,Lachnospiraceae,Lachnospiraceae AC2044 group,NA
OTU304,Bacteria,Firmicutes,Clostridia,Clostridia UCG-014,NA,NA,NA
OTU305,Bacteria,Bacteroidota,Bacteroidia,Bacteroidales,Muribaculaceae,NA,NA
OTU306,Bacteria,Firmicutes,Clostridia,Lachnospirales,Lachnospiraceae,Roseburia,NA
OTU307,Bacteria,Bacteroidota,Bacteroidia,Bacteroidales,Muribaculaceae,NA,NA
OTU308,Bacteria,Firmicutes,Clostridia,Lachnospirales,Lachnospiraceae,Lachnospiraceae NK4A136 group,NA
OTU309,Bacteria,Bacteroidota,Bacteroidia,Bacteroidales,Muribaculaceae,NA,NA
OTU310,Bacteria,Firmicutes,Clostridia,Lachnospirales,Lachnospiraceae,Lachnospiraceae NK4A136 group,NA
OTU311,Bacteria,Firmicutes,Clostridia,Lachnospirales,Lachnospiraceae,NA,NA
OTU312,Bacteria,Bacteroidota,Bacteroidia,Bacteroidales,Muribaculaceae,NA,NA
OTU313,Bacteria,Firmicutes,Clostridia,Lachnospirales,Lachnospiraceae,Lachnospiraceae NK4A136 group,NA
OTU314,Bacteria,Firmicutes,Bacilli,Erysipelotrichales,Erysipelotrichaceae,NA,NA
OTU315,Bacteria,Firmicutes,Clostridia,Lachnospirales,Lachnospiraceae,NA,NA
OTU316,Bacteria,Firmicutes,Clostridia,Lachnospirales,Lachnospiraceae,Roseburia,NA
OTU317,Bacteria,Bacteroidota,Bacteroidia,Bacteroidales,Rikenellaceae,Alistipes,NA
OTU318,Bacteria,Firmicutes,Clostridia,Lachnospirales,Lachnospiraceae,NA,NA
OTU319,Bacteria,Firmicutes,Clostridia,Lachnospirales,Lachnospiraceae,Lachnospiraceae NK4A136 group,NA
OTU320,Bacteria,Bacteroidota,Bacteroidia,Bacteroidales,Muribaculaceae,NA,NA
OTU321,Bacteria,Firmicutes,Clostridia,Lachnospirales,Lachnospiraceae,Acetatifactor,muris
OTU322,Bacteria,Firmicutes,Clostridia,Lachnospirales,Lachnospiraceae,ASF356,NA
OTU323,Bacteria,Firmicutes,Clostridia,Clostridia UCG-014,NA,NA,NA
OTU324,Bacteria,Bacteroidota,Bacteroidia,Bacteroidales,Muribaculaceae,NA,NA
OTU325,Bacteria,Firmicutes,Clostridia,Christensenellales,Christensenellaceae,NA,NA
OTU326,Bacteria,Firmicutes,Clostridia,Lachnospirales,Lachnospiraceae,Lachnospiraceae NK4A136 group,NA
OTU327,Bacteria,Firmicutes,Clostridia,Clostridia UCG-014,NA,NA,NA
OTU328,Bacteria,Firmicutes,Clostridia,Lachnospirales,Lachnospiraceae,NA,NA
OTU329,Bacteria,Firmicutes,Clostridia,Oscillospirales,Oscillospiraceae,Oscillibacter,NA
OTU330,Bacteria,Firmicutes,Clostridia,Lachnospirales,Lachnospiraceae,ASF356,NA
OTU331,Bacteria,Bacteroidota,Bacteroidia,Bacteroidales,Prevotellaceae,Prevotellaceae UCG-001,NA
OTU332,Bacteria,Firmicutes,Clostridia,Lachnospirales,Lachnospiraceae,Lachnospiraceae NK4A136 group,NA
OTU333,Bacteria,Bacteroidota,Bacteroidia,Bacteroidales,Muribaculaceae,NA,NA
OTU334,Bacteria,Firmicutes,Clostridia,Lachnospirales,Lachnospiraceae,[Eubacterium] xylanophilum group,NA
OTU335,Bacteria,Firmicutes,Clostridia,Lachnospirales,Lachnospiraceae,Lachnospiraceae NK4A136 group,NA
OTU336,Bacteria,Firmicutes,Clostridia,Clostridia UCG-014,NA,NA,NA
OTU337,Bacteria,Firmicutes,Clostridia,Lachnospirales,Lachnospiraceae,Lachnospiraceae FCS020 group,NA
OTU338,Bacteria,Firmicutes,Clostridia,Lachnospirales,Lachnospiraceae,Lachnospiraceae FCS020 group,NA
OTU339,Bacteria,Firmicutes,Clostridia,Lachnospirales,Lachnospiraceae,NA,NA
OTU340,Bacteria,Firmicutes,Clostridia,Oscillospirales,Ruminococcaceae,Ruminococcus,NA
OTU341,Bacteria,Bacteroidota,Bacteroidia,Bacteroidales,Muribaculaceae,NA,NA
OTU342,Bacteria,Firmicutes,Bacilli,Lactobacillales,Streptococcaceae,Lactococcus,NA
OTU343,Bacteria,Firmicutes,Clostridia,Lachnospirales,Lachnospiraceae,Lachnospiraceae NK4A136 group,NA
OTU344,Bacteria,Firmicutes,Clostridia,Lachnospirales,Lachnospiraceae,A2,NA
OTU345,Bacteria,Bacteroidota,Bacteroidia,Bacteroidales,Prevotellaceae,Prevotellaceae UCG-001,NA
OTU346,Bacteria,Firmicutes,Clostridia,Lachnospirales,Lachnospiraceae,Lachnospiraceae UCG-006,NA
OTU347,Bacteria,Bacteroidota,Bacteroidia,Bacteroidales,Muribaculaceae,NA,NA
OTU348,Bacteria,Firmicutes,Clostridia,Oscillospirales,Oscillospiraceae,Oscillibacter,NA
OTU349,Bacteria,Bacteroidota,Bacteroidia,Bacteroidales,Muribaculaceae,NA,NA
OTU350,Bacteria,Bacteroidota,Bacteroidia,Bacteroidales,Rikenellaceae,Alistipes,NA
OTU351,Bacteria,Bacteroidota,Bacteroidia,Bacteroidales,Muribaculaceae,NA,NA
OTU352,Bacteria,Firmicutes,Clostridia,Oscillospirales,Oscillospiraceae,NA,NA
OTU353,Bacteria,Bacteroidota,Bacteroidia,Bacteroidales,Muribaculaceae,NA,NA
OTU354,Bacteria,Firmicutes,Clostridia,Lachnospirales,Lachnospiraceae,Roseburia,NA
OTU355,Bacteria,Firmicutes,Clostridia,Clostridia vadinBB60 group,NA,NA,NA
OTU356,Bacteria,Bacteroidota,Bacteroidia,Bacteroidales,Muribaculaceae,NA,NA
OTU357,Bacteria,Firmicutes,Clostridia,Lachnospirales,Lachnospiraceae,NA,NA
OTU358,Bacteria,Firmicutes,Bacilli,Erysipelotrichales,Erysipelotrichaceae,NA,NA
OTU359,Bacteria,Actinobacteriota,Coriobacteriia,Coriobacteriales,Eggerthellaceae,Enterorhabdus,NA
OTU360,Bacteria,Firmicutes,Clostridia,Lachnospirales,Lachnospiraceae,Lachnospiraceae NK4A136 group,NA
OTU361,Bacteria,Firmicutes,Clostridia,Lachnospirales,Lachnospiraceae,Marvinbryantia,NA
OTU362,Bacteria,Firmicutes,Clostridia,Lachnospirales,Lachnospiraceae,NA,NA
OTU363,Bacteria,Bacteroidota,Bacteroidia,Bacteroidales,Rikenellaceae,Alistipes,NA
OTU364,Bacteria,Bacteroidota,Bacteroidia,Bacteroidales,Muribaculaceae,NA,NA
OTU365,Bacteria,Bacteroidota,Bacteroidia,Bacteroidales,Muribaculaceae,NA,NA
OTU366,Bacteria,Firmicutes,Clostridia,Oscillospirales,Ethanoligenenaceae,NA,NA
OTU367,Bacteria,Bacteroidota,Bacteroidia,Bacteroidales,Muribaculaceae,NA,NA
OTU368,Bacteria,Bacteroidota,Bacteroidia,Bacteroidales,Muribaculaceae,NA,NA
OTU369,Bacteria,Firmicutes,Clostridia,Lachnospirales,Lachnospiraceae,NA,NA
OTU370,Bacteria,Firmicutes,Clostridia,Lachnospirales,Lachnospiraceae,Lachnospiraceae NK4A136 group,NA
OTU371,Bacteria,Firmicutes,Clostridia,Lachnospirales,Lachnospiraceae,NA,NA
OTU372,Bacteria,Firmicutes,Clostridia,Lachnospirales,Lachnospiraceae,Lachnospiraceae NK4A136 group,NA
OTU373,Bacteria,Bacteroidota,Bacteroidia,Bacteroidales,Rikenellaceae,Alistipes,NA
OTU374,Bacteria,Firmicutes,Clostridia,Lachnospirales,Lachnospiraceae,NA,NA
OTU375,Bacteria,Bacteroidota,Bacteroidia,Bacteroidales,Muribaculaceae,NA,NA
OTU376,Bacteria,Bacteroidota,Bacteroidia,Bacteroidales,Muribaculaceae,NA,NA
OTU377,Bacteria,Firmicutes,Clostridia,Lachnospirales,Lachnospiraceae,Lachnospiraceae NK4A136 group,NA
OTU378,Bacteria,Firmicutes,Bacilli,Erysipelotrichales,Erysipelatoclostridiaceae,Erysipelatoclostridium,NA
OTU379,Bacteria,Bacteroidota,Bacteroidia,Bacteroidales,Muribaculaceae,NA,NA
OTU380,Bacteria,Bacteroidota,Bacteroidia,Bacteroidales,Muribaculaceae,NA,NA
OTU381,Bacteria,Firmicutes,Clostridia,Lachnospirales,Lachnospiraceae,NA,NA
OTU382,Bacteria,Bacteroidota,Bacteroidia,Bacteroidales,Muribaculaceae,NA,NA
OTU383,Bacteria,Firmicutes,Clostridia,Monoglobales,Monoglobaceae,Monoglobus,NA
OTU384,Bacteria,Firmicutes,Clostridia,Oscillospirales,Ruminococcaceae,Incertae Sedis,NA
OTU385,Bacteria,Bacteroidota,Bacteroidia,Bacteroidales,Muribaculaceae,NA,NA
OTU386,Bacteria,Firmicutes,Clostridia,Lachnospirales,Lachnospiraceae,NA,NA
OTU387,Bacteria,Firmicutes,Clostridia,Lachnospirales,Lachnospiraceae,NA,NA
OTU388,Bacteria,Firmicutes,Clostridia,Clostridia UCG-014,NA,NA,NA
OTU389,Bacteria,Firmicutes,Clostridia,Clostridia vadinBB60 group,NA,NA,NA
OTU390,Bacteria,Firmicutes,Clostridia,Lachnospirales,Lachnospiraceae,Lachnospiraceae NK4A136 group,NA
OTU391,Bacteria,Firmicutes,Clostridia,Lachnospirales,Lachnospiraceae,NA,NA
OTU392,Bacteria,Firmicutes,Clostridia,Lachnospirales,Lachnospiraceae,Lachnospiraceae UCG-001,NA
OTU393,Bacteria,Firmicutes,Clostridia,Oscillospirales,Oscillospiraceae,Oscillibacter,NA
OTU394,Bacteria,Bacteroidota,Bacteroidia,Bacteroidales,Prevotellaceae,Prevotellaceae UCG-001,NA
OTU395,Bacteria,Firmicutes,Clostridia,Lachnospirales,Lachnospiraceae,NA,NA
OTU396,Bacteria,Firmicutes,Clostridia,Lachnospirales,Lachnospiraceae,Lachnospiraceae NK4A136 group,NA
OTU397,Bacteria,Bacteroidota,Bacteroidia,Bacteroidales,Rikenellaceae,Alistipes,NA
OTU398,Bacteria,Firmicutes,Clostridia,Lachnospirales,Lachnospiraceae,Lachnospiraceae NK4A136 group,NA
OTU399,Bacteria,Firmicutes,Clostridia,Lachnospirales,Lachnospiraceae,NA,NA
OTU400,Bacteria,Bacteroidota,Bacteroidia,Bacteroidales,Muribaculaceae,NA,NA
OTU401,Bacteria,Cyanobacteria,Cyanobacteriia,Chloroplast,NA,NA,NA
OTU402,Bacteria,Bacteroidota,Bacteroidia,Bacteroidales,Muribaculaceae,NA,NA
OTU403,Bacteria,Firmicutes,Clostridia,Peptococcales,Peptococcaceae,NA,NA
OTU404,Bacteria,Firmicutes,Clostridia,Lachnospirales,Lachnospiraceae,Lachnospiraceae NK4A136 group,NA
OTU405,Bacteria,Firmicutes,Clostridia,Lachnospirales,Lachnospiraceae,Lachnospiraceae NK4A136 group,NA
OTU406,Bacteria,Firmicutes,Clostridia,Lachnospirales,Lachnospiraceae,Lachnospiraceae NK4A136 group,NA
OTU407,Bacteria,Firmicutes,Clostridia,Clostridia UCG-014,NA,NA,NA
OTU408,Bacteria,Firmicutes,Clostridia,Lachnospirales,Lachnospiraceae,Lachnospiraceae UCG-006,NA
OTU409,Bacteria,Firmicutes,Clostridia,Lachnospirales,Lachnospiraceae,NA,NA
OTU410,Bacteria,Bacteroidota,Bacteroidia,Bacteroidales,Muribaculaceae,NA,NA
OTU411,Bacteria,Firmicutes,Clostridia,Lachnospirales,Lachnospiraceae,NA,NA
OTU412,Bacteria,Firmicutes,Clostridia,Lachnospirales,Lachnospiraceae,NA,NA
OTU413,Bacteria,Bacteroidota,Bacteroidia,Bacteroidales,Muribaculaceae,NA,NA
OTU414,Bacteria,Firmicutes,Clostridia,Clostridia vadinBB60 group,NA,NA,NA
OTU415,Bacteria,Firmicutes,Bacilli,Staphylococcales,Staphylococcaceae,Jeotgalicoccus,NA
OTU416,Bacteria,Firmicutes,Clostridia,Oscillospirales,Butyricicoccaceae,UCG-009,NA
OTU417,Bacteria,Firmicutes,Clostridia,Oscillospirales,UCG-010,NA,NA
OTU418,Bacteria,Bacteroidota,Bacteroidia,Bacteroidales,Muribaculaceae,NA,NA
OTU419,Bacteria,Firmicutes,Clostridia,Lachnospirales,Lachnospiraceae,Lachnospiraceae NK4A136 group,NA
OTU420,Bacteria,Firmicutes,Clostridia,Lachnospirales,Lachnospiraceae,Lachnospiraceae UCG-001,NA
OTU421,Bacteria,Firmicutes,Clostridia,Lachnospirales,Lachnospiraceae,NA,NA
OTU422,Bacteria,Firmicutes,Clostridia,Peptostreptococcales-Tissierellales,Anaerovoracaceae,Family XIII UCG-001,NA
OTU423,Bacteria,Firmicutes,Clostridia,Lachnospirales,Lachnospiraceae,NA,NA
OTU424,Bacteria,Firmicutes,Clostridia,Lachnospirales,Lachnospiraceae,Lachnospiraceae NK4A136 group,NA
OTU425,Bacteria,Firmicutes,Clostridia,Lachnospirales,Lachnospiraceae,Lachnospiraceae NK4A136 group,NA
OTU426,Bacteria,Firmicutes,Bacilli,Erysipelotrichales,Erysipelotrichaceae,NA,NA
OTU427,Bacteria,Firmicutes,Clostridia,Lachnospirales,Lachnospiraceae,Lachnospiraceae NK4A136 group,NA
OTU428,Bacteria,Firmicutes,Bacilli,Lactobacillales,Lactobacillaceae,Lactobacillus,NA
OTU429,Bacteria,Firmicutes,Clostridia,Oscillospirales,Oscillospiraceae,NA,NA
OTU430,Bacteria,Bacteroidota,Bacteroidia,Bacteroidales,Muribaculaceae,NA,NA
OTU431,Bacteria,Firmicutes,Clostridia,Lachnospirales,Lachnospiraceae,NA,NA
OTU432,Bacteria,Bacteroidota,Bacteroidia,Bacteroidales,Muribaculaceae,NA,NA
OTU433,Bacteria,Bacteroidota,Bacteroidia,Bacteroidales,Muribaculaceae,NA,NA
OTU434,Bacteria,Firmicutes,Clostridia,Lachnospirales,Lachnospiraceae,Lachnoclostridium,NA
OTU435,Bacteria,Bacteroidota,Bacteroidia,Bacteroidales,Muribaculaceae,NA,NA
OTU436,Bacteria,Bacteroidota,Bacteroidia,Bacteroidales,Muribaculaceae,NA,NA
OTU437,Bacteria,Firmicutes,Clostridia,Oscillospirales,Ruminococcaceae,Incertae Sedis,NA
OTU438,Bacteria,Bacteroidota,Bacteroidia,Bacteroidales,Bacteroidaceae,Bacteroides,NA
OTU439,Bacteria,Bacteroidota,Bacteroidia,Bacteroidales,Muribaculaceae,NA,NA
OTU440,Bacteria,Bacteroidota,Bacteroidia,Bacteroidales,Muribaculaceae,NA,NA
OTU441,Bacteria,Firmicutes,Clostridia,Lachnospirales,Lachnospiraceae,Lachnospiraceae NK4A136 group,NA
OTU442,Bacteria,Firmicutes,Clostridia,Lachnospirales,Lachnospiraceae,Roseburia,NA
OTU443,Bacteria,Bacteroidota,Bacteroidia,Bacteroidales,Bacteroidaceae,Bacteroides,NA
OTU444,Bacteria,Firmicutes,Bacilli,Lactobacillales,Lactobacillaceae,Lactobacillus,NA
OTU445,Bacteria,Firmicutes,Bacilli,Lactobacillales,Lactobacillaceae,Lactobacillus,NA
OTU446,Bacteria,Firmicutes,Bacilli,Lactobacillales,NA,NA,NA
OTU447,Bacteria,Bacteroidota,Bacteroidia,Bacteroidales,Muribaculaceae,NA,NA
OTU448,Bacteria,Firmicutes,Clostridia,Lachnospirales,Lachnospiraceae,NA,NA
OTU449,Bacteria,Firmicutes,Clostridia,Lachnospirales,Lachnospiraceae,NA,NA
OTU450,Bacteria,Firmicutes,Clostridia,NA,NA,NA,NA
OTU451,Bacteria,Firmicutes,Clostridia,Lachnospirales,Lachnospiraceae,Lachnospiraceae NK4A136 group,NA
OTU452,Bacteria,Bacteroidota,Bacteroidia,Bacteroidales,Muribaculaceae,NA,NA
OTU453,Bacteria,Firmicutes,Clostridia,Oscillospirales,Oscillospiraceae,Intestinimonas,NA
OTU454,Bacteria,Actinobacteriota,Coriobacteriia,Coriobacteriales,Eggerthellaceae,Enterorhabdus,NA
OTU455,Bacteria,Bacteroidota,Bacteroidia,Bacteroidales,Muribaculaceae,NA,NA
OTU456,Bacteria,Firmicutes,Clostridia,Lachnospirales,Lachnospiraceae,ASF356,NA
OTU457,Bacteria,Firmicutes,Clostridia,Lachnospirales,Lachnospiraceae,Lachnospiraceae NK4A136 group,NA
OTU458,Bacteria,Firmicutes,Clostridia,Lachnospirales,Lachnospiraceae,Lachnospiraceae NK4A136 group,NA
OTU459,Bacteria,Firmicutes,Clostridia,Lachnospirales,Lachnospiraceae,NA,NA
OTU460,Bacteria,Bacteroidota,Bacteroidia,Bacteroidales,Prevotellaceae,Prevotellaceae UCG-001,NA
OTU461,Bacteria,Firmicutes,Bacilli,Lactobacillales,Streptococcaceae,Streptococcus,NA
OTU462,Bacteria,Bacteroidota,Bacteroidia,Bacteroidales,Muribaculaceae,NA,NA
OTU463,Bacteria,Firmicutes,Bacilli,Lactobacillales,Lactobacillaceae,Lactobacillus,NA
OTU464,Bacteria,Bacteroidota,Bacteroidia,Bacteroidales,Prevotellaceae,Prevotellaceae UCG-001,NA
OTU465,Bacteria,Firmicutes,Clostridia,Lachnospirales,Lachnospiraceae,NA,NA
OTU466,Bacteria,Firmicutes,Clostridia,Lachnospirales,Lachnospiraceae,Roseburia,NA
OTU467,Bacteria,Firmicutes,Clostridia,Lachnospirales,Lachnospiraceae,Roseburia,NA
OTU468,Bacteria,Firmicutes,Clostridia,Lachnospirales,Lachnospiraceae,Lachnoclostridium,NA
OTU469,Bacteria,Firmicutes,Clostridia,Lachnospirales,Lachnospiraceae,NA,NA
OTU470,Bacteria,Firmicutes,Clostridia,Clostridia UCG-014,NA,NA,NA
OTU471,Bacteria,Firmicutes,Clostridia,Lachnospirales,Lachnospiraceae,NA,NA
OTU472,Bacteria,Firmicutes,Clostridia,Clostridia vadinBB60 group,NA,NA,NA
OTU473,Bacteria,Firmicutes,Clostridia,Lachnospirales,Lachnospiraceae,Lachnospiraceae NK4A136 group,NA
OTU474,Bacteria,Firmicutes,Clostridia,Lachnospirales,Lachnospiraceae,NA,NA
OTU475,Bacteria,Bacteroidota,Bacteroidia,Bacteroidales,Muribaculaceae,NA,NA
OTU476,Bacteria,Firmicutes,Clostridia,Clostridia UCG-014,NA,NA,NA
OTU477,Bacteria,Firmicutes,Clostridia,Lachnospirales,Lachnospiraceae,ASF356,NA
OTU478,Bacteria,Firmicutes,Bacilli,Erysipelotrichales,Erysipelotrichaceae,NA,NA
OTU479,Bacteria,Firmicutes,Clostridia,Lachnospirales,Lachnospiraceae,NA,NA
OTU480,Bacteria,Firmicutes,Clostridia,Lachnospirales,Lachnospiraceae,Lachnospiraceae NK4A136 group,NA
OTU481,Bacteria,Firmicutes,Clostridia,Lachnospirales,Lachnospiraceae,[Eubacterium] xylanophilum group,NA
OTU482,Bacteria,Bacteroidota,Bacteroidia,Bacteroidales,Muribaculaceae,NA,NA
OTU483,Bacteria,Firmicutes,Clostridia,Oscillospirales,Oscillospiraceae,Colidextribacter,NA
OTU484,Bacteria,Firmicutes,Clostridia,Lachnospirales,Lachnospiraceae,Lachnospiraceae NK4A136 group,NA
OTU485,Bacteria,Firmicutes,Clostridia,Lachnospirales,Lachnospiraceae,NA,NA
OTU486,Bacteria,Bacteroidota,Bacteroidia,Bacteroidales,Muribaculaceae,NA,NA
OTU487,Bacteria,Bacteroidota,Bacteroidia,Bacteroidales,Rikenellaceae,Alistipes,NA
OTU488,Bacteria,Firmicutes,Clostridia,Lachnospirales,Lachnospiraceae,Lachnospiraceae NK4A136 group,NA
OTU489,Bacteria,Firmicutes,Clostridia,Oscillospirales,Oscillospiraceae,Colidextribacter,NA
OTU490,Bacteria,Firmicutes,Clostridia,Lachnospirales,Lachnospiraceae,NA,NA
OTU491,Bacteria,Firmicutes,Clostridia,Clostridia UCG-014,NA,NA,NA
OTU492,Bacteria,Firmicutes,Clostridia,Lachnospirales,Lachnospiraceae,Lachnospiraceae NK4A136 group,NA
OTU493,Bacteria,Firmicutes,Clostridia,Lachnospirales,Lachnospiraceae,A2,NA
OTU494,Bacteria,Firmicutes,Clostridia,Oscillospirales,Ruminococcaceae,Incertae Sedis,NA
OTU495,Bacteria,Firmicutes,Clostridia,Lachnospirales,Lachnospiraceae,NA,NA
OTU496,Bacteria,Firmicutes,Clostridia,Lachnospirales,Lachnospiraceae,Lachnospiraceae NK4A136 group,NA
OTU497,Bacteria,Bacteroidota,Bacteroidia,Bacteroidales,Muribaculaceae,NA,NA
OTU498,Bacteria,Firmicutes,Clostridia,Clostridia vadinBB60 group,NA,NA,NA
OTU499,Bacteria,Firmicutes,Clostridia,Lachnospirales,Lachnospiraceae,Marvinbryantia,NA
OTU500,Bacteria,Firmicutes,Clostridia,Lachnospirales,Lachnospiraceae,NA,NA
OTU501,Bacteria,Bacteroidota,Bacteroidia,Bacteroidales,Muribaculaceae,NA,NA
OTU502,Bacteria,Actinobacteriota,Coriobacteriia,Coriobacteriales,Eggerthellaceae,Enterorhabdus,NA
OTU503,Bacteria,Firmicutes,Clostridia,Oscillospirales,Ruminococcaceae,Ruminococcus,NA
OTU504,Bacteria,Firmicutes,Clostridia,Clostridia vadinBB60 group,NA,NA,NA
OTU505,Bacteria,Firmicutes,Clostridia,Lachnospirales,Lachnospiraceae,Lachnoclostridium,NA
OTU506,Bacteria,Proteobacteria,Gammaproteobacteria,Pseudomonadales,Pseudomonadaceae,Pseudomonas,NA
OTU507,Bacteria,Firmicutes,Clostridia,Clostridia vadinBB60 group,NA,NA,NA
OTU508,Bacteria,Bacteroidota,Bacteroidia,Bacteroidales,Rikenellaceae,Alistipes,NA
OTU509,Bacteria,Bacteroidota,Bacteroidia,Bacteroidales,Muribaculaceae,NA,NA
OTU510,Bacteria,Bacteroidota,Bacteroidia,Bacteroidales,Muribaculaceae,NA,NA
OTU511,Bacteria,Bacteroidota,Bacteroidia,Bacteroidales,Muribaculaceae,NA,NA
OTU512,Bacteria,Bacteroidota,Bacteroidia,Bacteroidales,Muribaculaceae,NA,NA
OTU513,Bacteria,Bacteroidota,Bacteroidia,Bacteroidales,Prevotellaceae,Prevotellaceae UCG-001,NA
OTU514,Bacteria,Firmicutes,Clostridia,Oscillospirales,Oscillospiraceae,Oscillibacter,NA
OTU515,Bacteria,Firmicutes,Clostridia,Lachnospirales,Lachnospiraceae,Lachnospiraceae UCG-001,NA
OTU516,Bacteria,Bacteroidota,Bacteroidia,Bacteroidales,Muribaculaceae,NA,NA
OTU517,Bacteria,Bacteroidota,Bacteroidia,Bacteroidales,Muribaculaceae,NA,NA
OTU518,Bacteria,Bacteroidota,Bacteroidia,Bacteroidales,Muribaculaceae,NA,NA
OTU519,Bacteria,Firmicutes,Clostridia,Oscillospirales,Ruminococcaceae,Incertae Sedis,NA
OTU520,Bacteria,Firmicutes,Clostridia,Lachnospirales,Lachnospiraceae,A2,NA
OTU521,Bacteria,Firmicutes,Clostridia,Oscillospirales,Ruminococcaceae,NA,NA
OTU522,Bacteria,Firmicutes,Clostridia,Lachnospirales,Lachnospiraceae,Lachnospiraceae NK4A136 group,NA
OTU523,Bacteria,Bacteroidota,Bacteroidia,Bacteroidales,Muribaculaceae,NA,NA
OTU524,Bacteria,Bacteroidota,Bacteroidia,Bacteroidales,Muribaculaceae,NA,NA
OTU525,Bacteria,Firmicutes,Clostridia,Lachnospirales,Lachnospiraceae,Lachnospiraceae NK4A136 group,NA
OTU526,Bacteria,Firmicutes,Clostridia,Lachnospirales,Lachnospiraceae,Lachnospiraceae NK4A136 group,NA
OTU527,Bacteria,Firmicutes,Clostridia,Lachnospirales,Lachnospiraceae,NA,NA
OTU528,Bacteria,Firmicutes,Bacilli,Erysipelotrichales,Erysipelatoclostridiaceae,NA,NA
OTU529,Bacteria,Firmicutes,Clostridia,Oscillospirales,Ruminococcaceae,UBA1819,NA
OTU530,Bacteria,Firmicutes,Clostridia,Lachnospirales,Lachnospiraceae,GCA-900066575,NA
OTU531,Bacteria,Firmicutes,Bacilli,Erysipelotrichales,Erysipelotrichaceae,Turicibacter,NA
OTU532,Bacteria,Firmicutes,Clostridia,Lachnospirales,Lachnospiraceae,NA,NA
OTU533,Bacteria,Firmicutes,Clostridia,Oscillospirales,Oscillospiraceae,Intestinimonas,NA
OTU534,Bacteria,Firmicutes,Clostridia,Lachnospirales,Lachnospiraceae,Lachnospiraceae NK4A136 group,NA
OTU535,Bacteria,Firmicutes,Clostridia,Lachnospirales,Lachnospiraceae,NA,NA
OTU536,Bacteria,Firmicutes,Clostridia,Oscillospirales,Ruminococcaceae,Incertae Sedis,NA
OTU537,Bacteria,Firmicutes,Clostridia,Lachnospirales,Lachnospiraceae,NA,NA
OTU538,Bacteria,Bacteroidota,Bacteroidia,Bacteroidales,Muribaculaceae,NA,NA
OTU539,Bacteria,Verrucomicrobiota,Verrucomicrobiae,Verrucomicrobiales,Akkermansiaceae,Akkermansia,NA
OTU540,Bacteria,Firmicutes,Clostridia,Lachnospirales,Lachnospiraceae,Lachnospiraceae NK4A136 group,NA
OTU541,Bacteria,Firmicutes,Clostridia,Lachnospirales,Lachnospiraceae,Lachnospiraceae NK4A136 group,NA
OTU542,Bacteria,Firmicutes,Clostridia,Lachnospirales,Lachnospiraceae,Lachnoclostridium,NA
OTU543,Bacteria,Firmicutes,Clostridia,Lachnospirales,Lachnospiraceae,Lachnospiraceae NK4A136 group,NA
OTU544,Bacteria,Bacteroidota,Bacteroidia,Bacteroidales,Muribaculaceae,NA,NA
OTU545,Bacteria,Firmicutes,Clostridia,Clostridia UCG-014,NA,NA,NA
OTU546,Bacteria,Firmicutes,Clostridia,Lachnospirales,Lachnospiraceae,NA,NA
OTU547,Bacteria,Firmicutes,Clostridia,Lachnospirales,Lachnospiraceae,Lachnospiraceae NK4A136 group,NA
OTU548,Bacteria,Firmicutes,Clostridia,Lachnospirales,Lachnospiraceae,Roseburia,NA
OTU549,Bacteria,Firmicutes,Clostridia,Lachnospirales,Defluviitaleaceae,Defluviitaleaceae UCG-011,NA
OTU550,Bacteria,Bacteroidota,Bacteroidia,Bacteroidales,Muribaculaceae,NA,NA
OTU551,Bacteria,Firmicutes,Clostridia,Lachnospirales,Lachnospiraceae,Lachnospiraceae NK4A136 group,NA
OTU552,Bacteria,Firmicutes,Clostridia,Lachnospirales,Lachnospiraceae,Lachnospiraceae NK4A136 group,NA
OTU553,Bacteria,Firmicutes,Clostridia,Clostridia vadinBB60 group,NA,NA,NA
OTU554,Bacteria,Firmicutes,Clostridia,Lachnospirales,Lachnospiraceae,NA,NA
OTU555,Bacteria,Firmicutes,Clostridia,Lachnospirales,Lachnospiraceae,Lachnospiraceae NK4A136 group,NA
OTU556,Bacteria,Firmicutes,Clostridia,Lachnospirales,Lachnospiraceae,Lachnospiraceae NK4A136 group,NA
OTU557,Bacteria,Firmicutes,Clostridia,Oscillospirales,Ruminococcaceae,Ruminococcus,NA
OTU558,Bacteria,Firmicutes,Clostridia,Clostridia vadinBB60 group,NA,NA,NA
OTU559,Bacteria,Firmicutes,Clostridia,Lachnospirales,Lachnospiraceae,Marvinbryantia,NA
OTU560,Bacteria,Firmicutes,Clostridia,Lachnospirales,Lachnospiraceae,Lachnospiraceae NK4A136 group,NA
OTU561,Bacteria,Firmicutes,Clostridia,Lachnospirales,Lachnospiraceae,Lachnospiraceae NK4A136 group,NA
OTU562,Bacteria,Firmicutes,Clostridia,Lachnospirales,Lachnospiraceae,NA,NA
OTU563,Bacteria,Bacteroidota,Bacteroidia,Bacteroidales,Rikenellaceae,Alistipes,NA
OTU564,Bacteria,Firmicutes,Clostridia,Oscillospirales,Oscillospiraceae,Oscillibacter,NA
OTU565,Bacteria,Firmicutes,Clostridia,Lachnospirales,Lachnospiraceae,Lachnospiraceae NK4A136 group,NA
OTU566,Bacteria,Bacteroidota,Bacteroidia,Bacteroidales,Muribaculaceae,NA,NA
OTU567,Bacteria,Firmicutes,Clostridia,Lachnospirales,Lachnospiraceae,Lachnoclostridium,NA
OTU568,Bacteria,Firmicutes,Clostridia,Lachnospirales,Lachnospiraceae,Lachnospiraceae NK4A136 group,NA
OTU569,Bacteria,Firmicutes,Clostridia,Oscillospirales,Ruminococcaceae,NA,NA
OTU570,Bacteria,Bacteroidota,Bacteroidia,Bacteroidales,Prevotellaceae,Prevotellaceae UCG-001,NA
OTU571,Bacteria,Proteobacteria,Gammaproteobacteria,Enterobacterales,NA,NA,NA
OTU572,Bacteria,Firmicutes,Clostridia,Lachnospirales,Lachnospiraceae,NA,NA
OTU573,Bacteria,Firmicutes,Clostridia,Lachnospirales,Lachnospiraceae,Lachnospiraceae NK4A136 group,NA
OTU574,Bacteria,Firmicutes,Clostridia,Lachnospirales,Lachnospiraceae,NA,NA
OTU575,Bacteria,Firmicutes,Clostridia,Lachnospirales,Lachnospiraceae,Lachnospiraceae UCG-001,NA
OTU576,Bacteria,Firmicutes,Clostridia,Lachnospirales,Lachnospiraceae,Lachnospiraceae NK4A136 group,NA
OTU577,Bacteria,Bacteroidota,Bacteroidia,Bacteroidales,Muribaculaceae,NA,NA
OTU578,Bacteria,Firmicutes,Clostridia,Lachnospirales,Lachnospiraceae,Lachnospiraceae NK4A136 group,NA
OTU579,Bacteria,Firmicutes,Clostridia,Lachnospirales,Lachnospiraceae,Lachnospiraceae NK4A136 group,NA
OTU580,Bacteria,Firmicutes,Clostridia,Clostridia vadinBB60 group,NA,NA,NA
OTU581,Bacteria,Firmicutes,Bacilli,Lactobacillales,Lactobacillaceae,Lactobacillus,NA
OTU582,Bacteria,Firmicutes,Clostridia,Lachnospirales,Lachnospiraceae,NA,NA
OTU583,Bacteria,Bacteroidota,Bacteroidia,Bacteroidales,Muribaculaceae,NA,NA
OTU584,Bacteria,Firmicutes,Clostridia,Lachnospirales,Lachnospiraceae,Lachnospiraceae NK4A136 group,NA
OTU585,Bacteria,Firmicutes,Clostridia,Lachnospirales,Lachnospiraceae,Lachnospiraceae NK4A136 group,NA
OTU586,Bacteria,Firmicutes,Clostridia,Lachnospirales,Lachnospiraceae,NA,NA
OTU587,Bacteria,Bacteroidota,Bacteroidia,Bacteroidales,Muribaculaceae,NA,NA
OTU588,Bacteria,Bacteroidota,Bacteroidia,Bacteroidales,Muribaculaceae,NA,NA
OTU589,Bacteria,Bacteroidota,Bacteroidia,Bacteroidales,Muribaculaceae,NA,NA
OTU590,Bacteria,Firmicutes,Clostridia,Lachnospirales,Lachnospiraceae,[Eubacterium] ventriosum group,NA
OTU591,Bacteria,Firmicutes,Clostridia,Lachnospirales,Lachnospiraceae,Lachnospiraceae NK4A136 group,NA
OTU592,Bacteria,Firmicutes,Clostridia,Lachnospirales,Lachnospiraceae,Lachnospiraceae NK4A136 group,NA
OTU593,Bacteria,Firmicutes,Clostridia,Lachnospirales,Lachnospiraceae,Marvinbryantia,NA
OTU594,Bacteria,Firmicutes,Clostridia,Oscillospirales,Butyricicoccaceae,Butyricicoccus,NA
OTU595,Bacteria,Firmicutes,Clostridia,Lachnospirales,Lachnospiraceae,Lachnospiraceae NK4A136 group,NA
OTU596,Bacteria,Bacteroidota,Bacteroidia,Bacteroidales,Muribaculaceae,NA,NA
OTU597,Bacteria,Firmicutes,Clostridia,Oscillospirales,Oscillospiraceae,Colidextribacter,NA
OTU598,Bacteria,Proteobacteria,Gammaproteobacteria,Pseudomonadales,Moraxellaceae,Acinetobacter,NA
OTU599,Bacteria,Bacteroidota,Bacteroidia,Bacteroidales,Muribaculaceae,NA,NA
OTU600,Bacteria,Firmicutes,Clostridia,Oscillospirales,Ruminococcaceae,NA,NA
OTU601,Bacteria,Firmicutes,Clostridia,Lachnospirales,Lachnospiraceae,NA,NA
OTU602,Bacteria,Firmicutes,Clostridia,Lachnospirales,Lachnospiraceae,NA,NA
OTU603,Bacteria,Firmicutes,Clostridia,Oscillospirales,Ruminococcaceae,Incertae Sedis,NA
OTU604,Bacteria,Bacteroidota,Bacteroidia,Bacteroidales,Muribaculaceae,NA,NA
OTU605,Bacteria,Firmicutes,Clostridia,Lachnospirales,Lachnospiraceae,Lachnospiraceae NK4A136 group,NA
OTU606,Bacteria,Firmicutes,Clostridia,Lachnospirales,Lachnospiraceae,Lachnospiraceae NK4A136 group,NA
OTU607,Bacteria,Bacteroidota,Bacteroidia,Bacteroidales,Muribaculaceae,NA,NA
OTU608,Bacteria,Firmicutes,Clostridia,Lachnospirales,Lachnospiraceae,NA,NA
OTU609,Bacteria,Bacteroidota,Bacteroidia,Bacteroidales,Rikenellaceae,Alistipes,NA
OTU610,Bacteria,Firmicutes,Bacilli,Erysipelotrichales,Erysipelotrichaceae,NA,NA
OTU611,Bacteria,Bacteroidota,Bacteroidia,Bacteroidales,Muribaculaceae,NA,NA
OTU612,Bacteria,Firmicutes,Clostridia,Clostridia UCG-014,NA,NA,NA
OTU613,Bacteria,Bacteroidota,Bacteroidia,Bacteroidales,Muribaculaceae,NA,NA
OTU614,Bacteria,Firmicutes,Clostridia,Lachnospirales,Lachnospiraceae,Incertae Sedis,NA
OTU615,Bacteria,Firmicutes,Clostridia,Lachnospirales,Lachnospiraceae,Lachnospiraceae NK4A136 group,NA
OTU616,Bacteria,Firmicutes,Bacilli,Erysipelotrichales,Erysipelotrichaceae,Faecalibaculum,rodentium
OTU617,Bacteria,Firmicutes,Clostridia,Lachnospirales,Lachnospiraceae,Lachnospiraceae NK4A136 group,NA
OTU618,Bacteria,Bacteroidota,Bacteroidia,Bacteroidales,Muribaculaceae,NA,NA
OTU619,Bacteria,Firmicutes,Clostridia,Lachnospirales,Lachnospiraceae,Lachnospiraceae UCG-001,NA
OTU620,Bacteria,Firmicutes,Clostridia,Lachnospirales,Lachnospiraceae,[Eubacterium] xylanophilum group,NA
OTU621,Bacteria,Firmicutes,Bacilli,RF39,NA,NA,NA
OTU622,Bacteria,Bacteroidota,Bacteroidia,Bacteroidales,Muribaculaceae,NA,NA
OTU623,Bacteria,Bacteroidota,Bacteroidia,Bacteroidales,Prevotellaceae,Prevotellaceae UCG-001,NA
OTU624,Bacteria,Bacteroidota,Bacteroidia,Bacteroidales,Muribaculaceae,NA,NA
OTU625,Bacteria,Bacteroidota,Bacteroidia,Bacteroidales,Muribaculaceae,NA,NA
OTU626,Bacteria,Firmicutes,Clostridia,Oscillospirales,Oscillospiraceae,Colidextribacter,NA
OTU627,Bacteria,Firmicutes,Clostridia,Lachnospirales,Lachnospiraceae,[Eubacterium] xylanophilum group,NA
OTU628,Bacteria,Firmicutes,Clostridia,Lachnospirales,Lachnospiraceae,A2,NA
OTU629,Bacteria,Bacteroidota,Bacteroidia,Bacteroidales,Muribaculaceae,NA,NA
OTU630,Bacteria,Firmicutes,Clostridia,Lachnospirales,Lachnospiraceae,Roseburia,NA
OTU631,Bacteria,Firmicutes,Clostridia,Lachnospirales,Lachnospiraceae,Lachnospiraceae NK4A136 group,NA
OTU632,Bacteria,Proteobacteria,Gammaproteobacteria,Enterobacterales,Enterobacteriaceae,NA,NA
OTU633,Bacteria,Firmicutes,Negativicutes,Veillonellales-Selenomonadales,Veillonellaceae,Veillonella,NA
OTU634,Bacteria,Bacteroidota,Bacteroidia,Bacteroidales,Muribaculaceae,NA,NA
OTU635,Bacteria,Firmicutes,Clostridia,Lachnospirales,Lachnospiraceae,NA,NA
OTU636,Bacteria,Firmicutes,Clostridia,Lachnospirales,Lachnospiraceae,Lachnospiraceae NK4A136 group,NA
OTU637,Bacteria,Bacteroidota,Bacteroidia,Bacteroidales,Prevotellaceae,Prevotellaceae UCG-001,NA
OTU638,Bacteria,Bacteroidota,Bacteroidia,Bacteroidales,Muribaculaceae,NA,NA
OTU639,Bacteria,Firmicutes,Clostridia,Oscillospirales,Ruminococcaceae,Incertae Sedis,NA
OTU640,Bacteria,Firmicutes,Clostridia,Oscillospirales,Oscillospiraceae,Oscillibacter,NA
OTU641,Bacteria,Bacteroidota,Bacteroidia,Bacteroidales,Muribaculaceae,NA,NA
OTU642,Bacteria,Firmicutes,Clostridia,Oscillospirales,[Eubacterium] coprostanoligenes group,NA,NA
OTU643,Bacteria,Firmicutes,Clostridia,Lachnospirales,Lachnospiraceae,Lachnospiraceae NK4A136 group,NA
OTU644,Bacteria,Bacteroidota,Bacteroidia,Bacteroidales,Muribaculaceae,NA,NA
OTU645,Bacteria,Bacteroidota,Bacteroidia,Bacteroidales,Muribaculaceae,NA,NA
OTU646,Bacteria,Firmicutes,Clostridia,Lachnospirales,Lachnospiraceae,Lachnospiraceae NK4A136 group,NA
OTU647,Bacteria,Firmicutes,Clostridia,Lachnospirales,Lachnospiraceae,Lachnospiraceae NK4A136 group,NA
OTU648,Bacteria,Firmicutes,Clostridia,Lachnospirales,Lachnospiraceae,Lachnoclostridium,NA
OTU649,Bacteria,Firmicutes,Clostridia,Lachnospirales,Lachnospiraceae,Lachnoclostridium,NA
OTU650,Bacteria,Firmicutes,Bacilli,RF39,NA,NA,NA
OTU651,Bacteria,Firmicutes,Clostridia,Clostridia vadinBB60 group,NA,NA,NA
OTU652,Bacteria,Firmicutes,Clostridia,Lachnospirales,Lachnospiraceae,NA,NA
OTU653,Bacteria,Firmicutes,Clostridia,Lachnospirales,Lachnospiraceae,Lachnospiraceae UCG-006,NA
OTU654,Bacteria,Firmicutes,Bacilli,Lactobacillales,Streptococcaceae,Streptococcus,NA
OTU655,Bacteria,Firmicutes,Clostridia,Oscillospirales,Oscillospiraceae,NA,NA
OTU656,Bacteria,Firmicutes,Clostridia,Lachnospirales,Lachnospiraceae,Lachnospiraceae NK4A136 group,NA
OTU657,Bacteria,Firmicutes,Bacilli,Lactobacillales,NA,NA,NA
OTU658,Bacteria,Firmicutes,Clostridia,Lachnospirales,Lachnospiraceae,Lachnospiraceae NK4A136 group,NA
OTU659,Bacteria,Firmicutes,Clostridia,Clostridia vadinBB60 group,NA,NA,NA
OTU660,Bacteria,Firmicutes,Bacilli,Staphylococcales,Staphylococcaceae,NA,NA
OTU661,Bacteria,Bacteroidota,Bacteroidia,Bacteroidales,Muribaculaceae,NA,NA
OTU662,Bacteria,Firmicutes,Clostridia,Lachnospirales,Lachnospiraceae,Lachnospiraceae NK4A136 group,NA
OTU663,Bacteria,Firmicutes,Clostridia,Lachnospirales,Lachnospiraceae,Lachnoclostridium,NA
OTU664,Bacteria,Firmicutes,Clostridia,Lachnospirales,Lachnospiraceae,GCA-900066575,NA
OTU665,Bacteria,Bacteroidota,Bacteroidia,Bacteroidales,Muribaculaceae,NA,NA
OTU666,Bacteria,Firmicutes,Clostridia,Lachnospirales,Lachnospiraceae,NA,NA
OTU667,Bacteria,Firmicutes,Clostridia,Lachnospirales,Lachnospiraceae,Lachnospiraceae NK4A136 group,NA
OTU668,Bacteria,Firmicutes,Clostridia,Lachnospirales,Lachnospiraceae,NA,NA
OTU669,Bacteria,Firmicutes,Clostridia,Lachnospirales,Lachnospiraceae,Lachnospiraceae NK4A136 group,NA
OTU670,Bacteria,Firmicutes,Clostridia,Lachnospirales,Lachnospiraceae,[Eubacterium] xylanophilum group,NA
OTU671,Bacteria,Bacteroidota,Bacteroidia,Bacteroidales,Muribaculaceae,NA,NA
OTU672,Bacteria,Bacteroidota,Bacteroidia,Bacteroidales,Prevotellaceae,Prevotellaceae UCG-001,NA
OTU673,Bacteria,Firmicutes,Clostridia,Lachnospirales,Lachnospiraceae,Lachnoclostridium,NA
OTU674,Bacteria,Firmicutes,Clostridia,Lachnospirales,Lachnospiraceae,NA,NA
OTU675,Bacteria,Firmicutes,Clostridia,Lachnospirales,Lachnospiraceae,NA,NA
OTU676,Bacteria,Firmicutes,Clostridia,Lachnospirales,Lachnospiraceae,NA,NA
OTU677,Bacteria,Firmicutes,Clostridia,Lachnospirales,Lachnospiraceae,[Eubacterium] xylanophilum group,NA
OTU678,Bacteria,Bacteroidota,Bacteroidia,Bacteroidales,Muribaculaceae,NA,NA
OTU679,Bacteria,Firmicutes,Clostridia,Oscillospirales,Ruminococcaceae,[Eubacterium] siraeum group,NA
OTU680,Bacteria,Firmicutes,Bacilli,Lactobacillales,NA,NA,NA
OTU681,Bacteria,Firmicutes,Clostridia,Oscillospirales,Ruminococcaceae,NA,NA
OTU682,Bacteria,Bacteroidota,Bacteroidia,Bacteroidales,Muribaculaceae,NA,NA
OTU683,Bacteria,Firmicutes,Bacilli,Staphylococcales,Staphylococcaceae,NA,NA
OTU684,Bacteria,Firmicutes,Clostridia,Lachnospirales,Lachnospiraceae,Lachnoclostridium,NA
OTU685,Bacteria,Actinobacteriota,Coriobacteriia,Coriobacteriales,Eggerthellaceae,Enterorhabdus,NA
OTU686,Bacteria,Firmicutes,Clostridia,Lachnospirales,Lachnospiraceae,Lachnospiraceae NK4A136 group,NA
OTU687,Bacteria,Firmicutes,Clostridia,Lachnospirales,Lachnospiraceae,Roseburia,NA
OTU688,Bacteria,Firmicutes,Clostridia,Lachnospirales,Lachnospiraceae,NA,NA
OTU689,Bacteria,Bacteroidota,Bacteroidia,Bacteroidales,Muribaculaceae,NA,NA
OTU690,Bacteria,Firmicutes,Clostridia,Lachnospirales,Lachnospiraceae,Roseburia,NA
OTU691,Bacteria,Firmicutes,Clostridia,Lachnospirales,Lachnospiraceae,Lachnospiraceae NK4A136 group,NA
OTU692,Bacteria,Firmicutes,Clostridia,Lachnospirales,Lachnospiraceae,[Eubacterium] oxidoreducens group,NA
OTU693,Bacteria,Firmicutes,Clostridia,Lachnospirales,Lachnospiraceae,Lachnospiraceae NK4A136 group,NA
OTU694,Bacteria,Bacteroidota,Bacteroidia,Bacteroidales,Muribaculaceae,NA,NA
OTU695,Bacteria,Bacteroidota,Bacteroidia,Bacteroidales,Muribaculaceae,NA,NA
OTU696,Bacteria,Bacteroidota,Bacteroidia,Bacteroidales,Prevotellaceae,Prevotellaceae UCG-001,NA
OTU697,Bacteria,Bacteroidota,Bacteroidia,Bacteroidales,Muribaculaceae,NA,NA
OTU698,Bacteria,Firmicutes,Clostridia,Lachnospirales,Lachnospiraceae,Lachnospiraceae NK4A136 group,NA
OTU699,Bacteria,Firmicutes,Clostridia,Lachnospirales,Lachnospiraceae,Roseburia,NA
OTU700,Bacteria,Firmicutes,Clostridia,Peptostreptococcales-Tissierellales,Anaerovoracaceae,[Eubacterium] nodatum group,NA
OTU701,Bacteria,Bacteroidota,Bacteroidia,Bacteroidales,Rikenellaceae,Alistipes,NA
OTU702,Bacteria,Firmicutes,Clostridia,Clostridia UCG-014,NA,NA,NA
OTU703,Bacteria,Bacteroidota,Bacteroidia,Bacteroidales,Muribaculaceae,Muribaculum,NA
OTU704,Bacteria,Firmicutes,Clostridia,Clostridia UCG-014,NA,NA,NA
OTU705,Bacteria,Firmicutes,Clostridia,Lachnospirales,Lachnospiraceae,Lachnospiraceae NK4A136 group,NA
OTU706,Bacteria,Firmicutes,Clostridia,Lachnospirales,Lachnospiraceae,NA,NA
OTU707,Bacteria,Firmicutes,Clostridia,Lachnospirales,Lachnospiraceae,Lachnospiraceae NK4A136 group,NA
OTU708,Bacteria,Bacteroidota,Bacteroidia,Bacteroidales,Bacteroidaceae,Bacteroides,NA
OTU709,Bacteria,Firmicutes,Clostridia,Lachnospirales,Lachnospiraceae,NA,NA
OTU710,Bacteria,Firmicutes,Clostridia,Lachnospirales,Lachnospiraceae,Lachnospiraceae NK4A136 group,NA
OTU711,Bacteria,Bacteroidota,Bacteroidia,Bacteroidales,Muribaculaceae,NA,NA
OTU712,Bacteria,Firmicutes,Clostridia,Clostridia UCG-014,NA,NA,NA
OTU713,Bacteria,Firmicutes,Clostridia,Lachnospirales,Lachnospiraceae,GCA-900066575,NA
OTU714,Bacteria,Firmicutes,Clostridia,Clostridia UCG-014,NA,NA,NA
OTU715,Bacteria,Firmicutes,Clostridia,Lachnospirales,Lachnospiraceae,NA,NA
OTU716,Bacteria,Bacteroidota,Bacteroidia,Bacteroidales,Muribaculaceae,NA,NA
OTU717,Bacteria,Firmicutes,Clostridia,Lachnospirales,Lachnospiraceae,[Eubacterium] xylanophilum group,NA
OTU718,Bacteria,Firmicutes,Clostridia,Lachnospirales,Lachnospiraceae,Lachnospiraceae NK4A136 group,NA
OTU719,Bacteria,Firmicutes,Clostridia,Lachnospirales,Lachnospiraceae,Lachnospiraceae NK4A136 group,NA
OTU720,Bacteria,Firmicutes,Clostridia,Lachnospirales,Lachnospiraceae,[Eubacterium] xylanophilum group,NA
OTU721,Bacteria,Firmicutes,Clostridia,Clostridia vadinBB60 group,NA,NA,NA
OTU722,Bacteria,Bacteroidota,Bacteroidia,Bacteroidales,Muribaculaceae,NA,NA
OTU723,Bacteria,Firmicutes,Clostridia,Clostridia vadinBB60 group,NA,NA,NA
OTU724,Bacteria,Actinobacteriota,Coriobacteriia,Coriobacteriales,Eggerthellaceae,Enterorhabdus,NA
OTU725,Bacteria,Firmicutes,Bacilli,Staphylococcales,Staphylococcaceae,NA,NA
OTU726,Bacteria,Bacteroidota,Bacteroidia,Bacteroidales,Muribaculaceae,NA,NA
OTU727,Bacteria,Firmicutes,Clostridia,Lachnospirales,Lachnospiraceae,Lachnospiraceae NK4A136 group,NA
OTU728,Bacteria,Bacteroidota,Bacteroidia,Bacteroidales,Muribaculaceae,NA,NA
OTU729,Bacteria,Firmicutes,Clostridia,Lachnospirales,Lachnospiraceae,Lachnospiraceae NK4A136 group,NA
OTU730,Bacteria,Firmicutes,Clostridia,Lachnospirales,Lachnospiraceae,NA,NA
OTU731,Bacteria,Bacteroidota,Bacteroidia,Bacteroidales,Muribaculaceae,NA,NA
OTU732,Bacteria,Firmicutes,Clostridia,Lachnospirales,Lachnospiraceae,NA,NA
OTU733,Bacteria,Firmicutes,Clostridia,Lachnospirales,Lachnospiraceae,Lachnospiraceae NK4A136 group,NA
OTU734,Bacteria,Firmicutes,Bacilli,Lactobacillales,Aerococcaceae,Aerococcus,NA
OTU735,Bacteria,Firmicutes,Clostridia,Clostridia UCG-014,NA,NA,NA
OTU736,Bacteria,Firmicutes,Clostridia,Lachnospirales,Lachnospiraceae,Lachnospiraceae NK4A136 group,NA
OTU737,Bacteria,Firmicutes,Clostridia,Lachnospirales,Lachnospiraceae,Lachnospiraceae NK4A136 group,NA
OTU738,Bacteria,Actinobacteriota,Actinobacteria,Bifidobacteriales,Bifidobacteriaceae,Bifidobacterium,NA
OTU739,Bacteria,Bacteroidota,Bacteroidia,Bacteroidales,Rikenellaceae,Alistipes,NA
OTU740,Bacteria,Firmicutes,Clostridia,Lachnospirales,Lachnospiraceae,NA,NA
OTU741,Bacteria,Firmicutes,Clostridia,Oscillospirales,Ruminococcaceae,Incertae Sedis,NA
OTU742,Bacteria,Firmicutes,Clostridia,Lachnospirales,Lachnospiraceae,Lachnospiraceae NK4A136 group,NA
OTU743,Bacteria,Firmicutes,Clostridia,Lachnospirales,Lachnospiraceae,Lachnospiraceae NK4A136 group,NA
OTU744,Bacteria,Firmicutes,Clostridia,Lachnospirales,Lachnospiraceae,Lachnospiraceae NK4A136 group,NA
OTU745,Bacteria,Firmicutes,Clostridia,Oscillospirales,Ruminococcaceae,Ruminococcus,NA
OTU746,Bacteria,Bacteroidota,Bacteroidia,Bacteroidales,Muribaculaceae,NA,NA
OTU747,Bacteria,Firmicutes,Clostridia,Lachnospirales,Lachnospiraceae,Lachnospiraceae NK4A136 group,NA
OTU748,Bacteria,Bacteroidota,Bacteroidia,Bacteroidales,Muribaculaceae,NA,NA
OTU749,Bacteria,Firmicutes,Clostridia,Clostridia vadinBB60 group,NA,NA,NA
OTU750,Bacteria,Bacteroidota,Bacteroidia,Bacteroidales,Muribaculaceae,NA,NA
OTU751,Bacteria,Firmicutes,Clostridia,Clostridia UCG-014,NA,NA,NA
OTU752,Bacteria,Firmicutes,Clostridia,Lachnospirales,Lachnospiraceae,ASF356,NA
OTU753,Bacteria,Bacteroidota,Bacteroidia,Bacteroidales,Muribaculaceae,NA,NA
OTU754,Bacteria,Firmicutes,Clostridia,Lachnospirales,Lachnospiraceae,Marvinbryantia,NA
OTU755,Bacteria,Bacteroidota,Bacteroidia,Bacteroidales,Muribaculaceae,NA,NA
OTU756,Bacteria,Firmicutes,Clostridia,Lachnospirales,Lachnospiraceae,Lachnospiraceae NK4A136 group,NA
OTU757,Bacteria,Firmicutes,Clostridia,Lachnospirales,Lachnospiraceae,NA,NA
OTU758,Bacteria,Firmicutes,Clostridia,Lachnospirales,Lachnospiraceae,ASF356,NA
OTU759,Bacteria,Firmicutes,Clostridia,Lachnospirales,Lachnospiraceae,NA,NA
OTU760,Bacteria,Firmicutes,Clostridia,Lachnospirales,Lachnospiraceae,Lachnospiraceae NK4A136 group,NA
OTU761,Bacteria,Firmicutes,Clostridia,Oscillospirales,Ruminococcaceae,Anaerotruncus,NA
OTU762,Bacteria,Firmicutes,Clostridia,Lachnospirales,Lachnospiraceae,Lachnospiraceae NK4A136 group,NA
OTU763,Bacteria,Firmicutes,Clostridia,Lachnospirales,Lachnospiraceae,NA,NA
OTU764,Bacteria,Firmicutes,Clostridia,Lachnospirales,Lachnospiraceae,Lachnoclostridium,NA
OTU765,Bacteria,Firmicutes,Clostridia,Clostridia UCG-014,NA,NA,NA
OTU766,Bacteria,Firmicutes,Clostridia,Lachnospirales,Lachnospiraceae,Lachnospiraceae UCG-006,NA
OTU767,Bacteria,Bacteroidota,Bacteroidia,Bacteroidales,Muribaculaceae,NA,NA
OTU768,Bacteria,Bacteroidota,Bacteroidia,Bacteroidales,Muribaculaceae,NA,NA
OTU769,Bacteria,Bacteroidota,Bacteroidia,Bacteroidales,Muribaculaceae,NA,NA
OTU770,Bacteria,Firmicutes,Clostridia,Lachnospirales,Lachnospiraceae,Lachnospiraceae NK4A136 group,NA
OTU771,Bacteria,Firmicutes,Clostridia,Lachnospirales,Lachnospiraceae,Marvinbryantia,NA
OTU772,Bacteria,Firmicutes,Clostridia,Lachnospirales,Lachnospiraceae,NA,NA
OTU773,Bacteria,Bacteroidota,Bacteroidia,Bacteroidales,Muribaculaceae,NA,NA
OTU774,Bacteria,Firmicutes,Clostridia,Lachnospirales,Lachnospiraceae,NA,NA
OTU775,Bacteria,Firmicutes,Clostridia,Lachnospirales,Lachnospiraceae,NA,NA
OTU776,Bacteria,Firmicutes,Clostridia,Lachnospirales,Lachnospiraceae,Lachnospiraceae NK4A136 group,NA
OTU777,Bacteria,Firmicutes,Clostridia,Lachnospirales,Lachnospiraceae,Lachnospiraceae NK4B4 group,NA
OTU778,Bacteria,Firmicutes,Clostridia,Lachnospirales,Lachnospiraceae,[Eubacterium] oxidoreducens group,NA
OTU779,Bacteria,Firmicutes,Clostridia,Clostridia UCG-014,NA,NA,NA
OTU780,Bacteria,Firmicutes,Clostridia,Oscillospirales,Ruminococcaceae,NA,NA
OTU781,Bacteria,Bacteroidota,Bacteroidia,Bacteroidales,Muribaculaceae,NA,NA
OTU782,Bacteria,Proteobacteria,Gammaproteobacteria,Burkholderiales,Sutterellaceae,Parasutterella,excrementihominis
OTU783,Bacteria,Bacteroidota,Bacteroidia,Bacteroidales,Muribaculaceae,NA,NA
OTU784,Bacteria,Firmicutes,Clostridia,Lachnospirales,Lachnospiraceae,Lachnospiraceae NK4A136 group,NA
OTU785,Bacteria,Firmicutes,Clostridia,Lachnospirales,Lachnospiraceae,NA,NA
OTU786,Bacteria,Bacteroidota,Bacteroidia,Bacteroidales,Prevotellaceae,Prevotellaceae UCG-001,NA
OTU787,Bacteria,Firmicutes,Clostridia,Clostridiales,Clostridiaceae,Candidatus Arthromitus,NA
OTU788,Bacteria,Firmicutes,Clostridia,Lachnospirales,Lachnospiraceae,GCA-900066575,NA
OTU789,Bacteria,Firmicutes,Clostridia,Lachnospirales,Lachnospiraceae,NA,NA
OTU790,Bacteria,Firmicutes,Bacilli,Erysipelotrichales,Erysipelotrichaceae,NA,NA
OTU791,Bacteria,Firmicutes,Clostridia,Lachnospirales,Lachnospiraceae,NA,NA
OTU792,Bacteria,Bacteroidota,Bacteroidia,Bacteroidales,Rikenellaceae,Alistipes,NA
OTU793,Bacteria,Firmicutes,Clostridia,Oscillospirales,Oscillospiraceae,Colidextribacter,NA
OTU794,Bacteria,Firmicutes,Clostridia,Lachnospirales,Lachnospiraceae,NA,NA
OTU795,Bacteria,Firmicutes,Clostridia,Lachnospirales,Lachnospiraceae,GCA-900066575,NA
OTU796,Bacteria,Bacteroidota,Bacteroidia,Bacteroidales,Muribaculaceae,NA,NA
OTU797,Bacteria,Firmicutes,Clostridia,Lachnospirales,Lachnospiraceae,Lachnoclostridium,NA
OTU798,Bacteria,Firmicutes,Clostridia,Lachnospirales,Lachnospiraceae,Marvinbryantia,NA
OTU799,Bacteria,Bacteroidota,Bacteroidia,Bacteroidales,Muribaculaceae,NA,NA
OTU800,Bacteria,Firmicutes,Clostridia,Lachnospirales,Lachnospiraceae,Lachnospiraceae UCG-001,NA
OTU801,Bacteria,Firmicutes,Clostridia,Lachnospirales,Lachnospiraceae,NA,NA
OTU802,Bacteria,Firmicutes,Clostridia,Lachnospirales,Lachnospiraceae,NA,NA
OTU803,Bacteria,Firmicutes,Clostridia,Lachnospirales,Lachnospiraceae,Lachnospiraceae UCG-001,NA
OTU804,Bacteria,Firmicutes,Clostridia,Lachnospirales,Lachnospiraceae,NA,NA
OTU805,Bacteria,Firmicutes,Clostridia,Oscillospirales,Oscillospiraceae,Oscillibacter,NA
OTU806,Bacteria,Bacteroidota,Bacteroidia,Bacteroidales,Muribaculaceae,NA,NA
OTU807,Bacteria,Bacteroidota,Bacteroidia,Bacteroidales,Muribaculaceae,NA,NA
OTU808,Bacteria,Firmicutes,Clostridia,Lachnospirales,Lachnospiraceae,Lachnospiraceae NK4A136 group,NA
OTU809,Bacteria,Firmicutes,Clostridia,Lachnospirales,Lachnospiraceae,Lachnospiraceae NK4A136 group,NA
OTU810,Bacteria,Firmicutes,Bacilli,Staphylococcales,Staphylococcaceae,NA,NA
OTU811,Bacteria,Firmicutes,Clostridia,Lachnospirales,Lachnospiraceae,Lachnospiraceae NK4A136 group,NA
OTU812,Bacteria,Bacteroidota,Bacteroidia,Bacteroidales,Rikenellaceae,Alistipes,NA
OTU813,Bacteria,Firmicutes,Clostridia,Lachnospirales,Lachnospiraceae,Lachnospiraceae NK4A136 group,NA
OTU814,Bacteria,Firmicutes,Clostridia,Lachnospirales,Lachnospiraceae,Lachnospiraceae NK4A136 group,NA
OTU815,Bacteria,Bacteroidota,Bacteroidia,Bacteroidales,Muribaculaceae,NA,NA
OTU816,Bacteria,Bacteroidota,Bacteroidia,Bacteroidales,Muribaculaceae,Muribaculum,NA
OTU817,Bacteria,Bacteroidota,Bacteroidia,Bacteroidales,Muribaculaceae,NA,NA
OTU818,Bacteria,Firmicutes,Clostridia,Lachnospirales,Lachnospiraceae,NA,NA
OTU819,Bacteria,Bacteroidota,Bacteroidia,Bacteroidales,Muribaculaceae,NA,NA
OTU820,Bacteria,Firmicutes,Clostridia,Lachnospirales,Lachnospiraceae,Lachnospiraceae NK4A136 group,NA
OTU821,Bacteria,Firmicutes,Clostridia,Lachnospirales,Lachnospiraceae,NA,NA
OTU822,Bacteria,Bacteroidota,Bacteroidia,Bacteroidales,Muribaculaceae,NA,NA
OTU823,Bacteria,Bacteroidota,Bacteroidia,Bacteroidales,Muribaculaceae,NA,NA
OTU824,Bacteria,Firmicutes,Clostridia,Lachnospirales,Lachnospiraceae,Lachnospiraceae UCG-006,NA
OTU825,Bacteria,Actinobacteriota,Coriobacteriia,Coriobacteriales,Eggerthellaceae,Parvibacter,NA
OTU826,Bacteria,Firmicutes,Clostridia,Lachnospirales,Lachnospiraceae,Lachnospiraceae NK4A136 group,NA
OTU827,Bacteria,Firmicutes,Clostridia,Lachnospirales,Lachnospiraceae,NA,NA
OTU828,Bacteria,Firmicutes,Clostridia,Lachnospirales,Lachnospiraceae,Lachnospiraceae NK4A136 group,NA
OTU829,Bacteria,Firmicutes,Clostridia,Lachnospirales,Lachnospiraceae,Roseburia,NA
OTU830,Bacteria,Firmicutes,Bacilli,Lactobacillales,Carnobacteriaceae,NA,NA
OTU831,Bacteria,Firmicutes,Bacilli,Staphylococcales,Staphylococcaceae,NA,NA
OTU832,Bacteria,Firmicutes,Clostridia,Lachnospirales,Lachnospiraceae,Lachnospiraceae UCG-001,NA
OTU833,Bacteria,Firmicutes,Clostridia,Oscillospirales,Ruminococcaceae,Ruminococcus,NA
OTU834,Bacteria,Firmicutes,Clostridia,Lachnospirales,Lachnospiraceae,NA,NA
OTU835,Bacteria,Bacteroidota,Bacteroidia,Bacteroidales,Muribaculaceae,NA,NA
OTU836,Bacteria,Firmicutes,Clostridia,Lachnospirales,Lachnospiraceae,ASF356,NA
OTU837,Bacteria,Firmicutes,Clostridia,Lachnospirales,Lachnospiraceae,Lachnospiraceae NK4A136 group,NA
OTU838,Bacteria,Bacteroidota,Bacteroidia,Bacteroidales,Prevotellaceae,Prevotellaceae UCG-001,NA
OTU839,Bacteria,Firmicutes,Clostridia,Lachnospirales,Lachnospiraceae,Roseburia,NA
OTU840,Bacteria,Bacteroidota,Bacteroidia,Bacteroidales,Muribaculaceae,NA,NA
OTU841,Bacteria,Firmicutes,Clostridia,Lachnospirales,Lachnospiraceae,Lachnospiraceae NK4A136 group,NA
OTU842,Bacteria,Firmicutes,Clostridia,Lachnospirales,Lachnospiraceae,Lachnospiraceae NK4A136 group,NA
OTU843,Bacteria,Firmicutes,Clostridia,Clostridia UCG-014,NA,NA,NA
OTU844,Bacteria,Firmicutes,Clostridia,Lachnospirales,Lachnospiraceae,NA,NA
OTU845,Bacteria,Firmicutes,Clostridia,Lachnospirales,Lachnospiraceae,Lachnospiraceae NK4A136 group,NA
OTU846,Bacteria,Firmicutes,Bacilli,Lactobacillales,Carnobacteriaceae,NA,NA
OTU847,Bacteria,Firmicutes,Bacilli,Staphylococcales,Staphylococcaceae,NA,NA
OTU848,Bacteria,Firmicutes,Clostridia,Lachnospirales,Lachnospiraceae,GCA-900066575,NA
OTU849,Bacteria,Firmicutes,Bacilli,Lactobacillales,Carnobacteriaceae,NA,NA
OTU850,Bacteria,Firmicutes,Bacilli,Erysipelotrichales,Erysipelotrichaceae,Turicibacter,NA
OTU851,Bacteria,Firmicutes,Bacilli,Lactobacillales,NA,NA,NA
OTU852,Bacteria,Firmicutes,Clostridia,Lachnospirales,Lachnospiraceae,Lachnospiraceae NK4A136 group,NA
OTU853,Bacteria,Bacteroidota,Bacteroidia,Bacteroidales,Muribaculaceae,NA,NA
OTU854,Bacteria,Bacteroidota,Bacteroidia,Bacteroidales,Rikenellaceae,Alistipes,NA
OTU855,Bacteria,Firmicutes,Clostridia,Lachnospirales,Lachnospiraceae,NA,NA
OTU856,Bacteria,Firmicutes,Clostridia,Oscillospirales,Butyricicoccaceae,Butyricicoccus,NA
OTU857,Bacteria,Bacteroidota,Bacteroidia,Bacteroidales,Muribaculaceae,NA,NA
OTU858,Bacteria,Firmicutes,Clostridia,Lachnospirales,Lachnospiraceae,Lachnospiraceae NK4A136 group,NA
OTU859,Bacteria,Bacteroidota,Bacteroidia,Bacteroidales,Muribaculaceae,NA,NA
OTU860,Bacteria,Bacteroidota,Bacteroidia,Bacteroidales,Muribaculaceae,NA,NA
OTU861,Bacteria,Firmicutes,Clostridia,Lachnospirales,Lachnospiraceae,NA,NA
OTU862,Bacteria,Bacteroidota,Bacteroidia,Bacteroidales,Muribaculaceae,NA,NA
OTU863,Bacteria,Bacteroidota,Bacteroidia,Bacteroidales,Muribaculaceae,NA,NA
OTU864,Bacteria,Firmicutes,Clostridia,Lachnospirales,Lachnospiraceae,Lachnoclostridium,NA
OTU865,Bacteria,Firmicutes,Clostridia,Oscillospirales,Oscillospiraceae,Colidextribacter,NA
OTU866,Bacteria,Firmicutes,Bacilli,RF39,NA,NA,NA
OTU867,Bacteria,Firmicutes,Bacilli,Lactobacillales,Carnobacteriaceae,NA,NA
OTU868,Bacteria,Firmicutes,Bacilli,Lactobacillales,NA,NA,NA
OTU869,Bacteria,Firmicutes,Clostridia,Lachnospirales,Lachnospiraceae,Lachnospiraceae NK4A136 group,NA
OTU870,Bacteria,Firmicutes,Clostridia,Lachnospirales,Lachnospiraceae,Lachnospiraceae UCG-006,NA
OTU871,Bacteria,Firmicutes,Clostridia,Lachnospirales,Lachnospiraceae,NA,NA
OTU872,Bacteria,Firmicutes,Clostridia,Lachnospirales,Lachnospiraceae,NA,NA
OTU873,Bacteria,Bacteroidota,Bacteroidia,Bacteroidales,Muribaculaceae,NA,NA
OTU874,Bacteria,Bacteroidota,Bacteroidia,Bacteroidales,Muribaculaceae,NA,NA
OTU875,Bacteria,Firmicutes,Clostridia,Clostridia UCG-014,NA,NA,NA
OTU876,Bacteria,Bacteroidota,Bacteroidia,Bacteroidales,Muribaculaceae,NA,NA
OTU877,Bacteria,Firmicutes,Clostridia,Lachnospirales,Lachnospiraceae,[Eubacterium] ventriosum group,NA
OTU878,Bacteria,Bacteroidota,Bacteroidia,Bacteroidales,Muribaculaceae,NA,NA
OTU879,Bacteria,Bacteroidota,Bacteroidia,Bacteroidales,Muribaculaceae,NA,NA
OTU880,Bacteria,Bacteroidota,Bacteroidia,Bacteroidales,Muribaculaceae,NA,NA
OTU881,Bacteria,Bacteroidota,Bacteroidia,Bacteroidales,Muribaculaceae,NA,NA
OTU882,Bacteria,Bacteroidota,Bacteroidia,Bacteroidales,Muribaculaceae,NA,NA
OTU883,Bacteria,Firmicutes,Clostridia,Lachnospirales,Lachnospiraceae,Lachnospiraceae NK4A136 group,NA
OTU884,Bacteria,Firmicutes,Clostridia,Clostridiales,Clostridiaceae,Clostridium sensu stricto 1,NA
OTU885,Bacteria,Firmicutes,Clostridia,Lachnospirales,Lachnospiraceae,NA,NA
OTU886,Bacteria,Firmicutes,Clostridia,Lachnospirales,Lachnospiraceae,ASF356,NA
OTU887,Bacteria,Firmicutes,Clostridia,Lachnospirales,Lachnospiraceae,Lachnospiraceae NK4A136 group,NA
OTU888,Bacteria,Firmicutes,Clostridia,Lachnospirales,Lachnospiraceae,NA,NA
OTU889,Bacteria,Firmicutes,Bacilli,Lactobacillales,NA,NA,NA
OTU890,Bacteria,Firmicutes,Bacilli,NA,NA,NA,NA
OTU891,Bacteria,Firmicutes,Bacilli,NA,NA,NA,NA
OTU892,Bacteria,Firmicutes,Bacilli,Lactobacillales,Carnobacteriaceae,NA,NA
OTU893,Bacteria,Firmicutes,Bacilli,Lactobacillales,Carnobacteriaceae,NA,NA
OTU894,Bacteria,Bacteroidota,Bacteroidia,Bacteroidales,Muribaculaceae,NA,NA
OTU895,Bacteria,Firmicutes,Clostridia,Oscillospirales,Oscillospiraceae,NA,NA
OTU896,Bacteria,Bacteroidota,Bacteroidia,Bacteroidales,Muribaculaceae,NA,NA
OTU897,Bacteria,Firmicutes,Clostridia,Lachnospirales,Lachnospiraceae,Roseburia,NA
OTU898,Bacteria,Firmicutes,Clostridia,Clostridia UCG-014,NA,NA,NA
OTU899,Bacteria,Firmicutes,Clostridia,Peptostreptococcales-Tissierellales,Anaerovoracaceae,[Eubacterium] brachy group,NA
OTU900,Bacteria,Bacteroidota,Bacteroidia,Bacteroidales,Muribaculaceae,NA,NA
OTU901,Bacteria,Firmicutes,Clostridia,Clostridia UCG-014,NA,NA,NA
OTU902,Bacteria,Firmicutes,Clostridia,Oscillospirales,Oscillospiraceae,NA,NA
OTU903,Bacteria,Firmicutes,Clostridia,Lachnospirales,Lachnospiraceae,Lachnospiraceae NK4A136 group,NA
OTU904,Bacteria,Bacteroidota,Bacteroidia,Bacteroidales,Muribaculaceae,NA,NA
OTU905,Bacteria,Bacteroidota,Bacteroidia,Bacteroidales,Muribaculaceae,NA,NA
OTU906,Bacteria,Firmicutes,Clostridia,Lachnospirales,Lachnospiraceae,NA,NA
OTU907,Bacteria,Firmicutes,Clostridia,Lachnospirales,Lachnospiraceae,Lachnospiraceae NK4A136 group,NA
OTU908,Bacteria,Firmicutes,Clostridia,NA,NA,NA,NA
OTU909,Bacteria,Bacteroidota,Bacteroidia,Bacteroidales,Bacteroidaceae,Bacteroides,NA
OTU910,Bacteria,Firmicutes,Clostridia,Lachnospirales,Lachnospiraceae,Lachnospiraceae NK4A136 group,NA
OTU911,Bacteria,Firmicutes,Clostridia,Lachnospirales,Lachnospiraceae,NA,NA
OTU912,Bacteria,Firmicutes,Clostridia,Lachnospirales,Lachnospiraceae,[Eubacterium] oxidoreducens group,NA
OTU913,Bacteria,Firmicutes,Clostridia,Lachnospirales,Lachnospiraceae,Lachnospiraceae NK4A136 group,NA
OTU914,Bacteria,Bacteroidota,Bacteroidia,Bacteroidales,Rikenellaceae,Alistipes,NA
OTU915,Bacteria,Bacteroidota,Bacteroidia,Bacteroidales,Muribaculaceae,NA,NA
OTU916,Bacteria,Firmicutes,Bacilli,NA,NA,NA,NA
OTU917,Bacteria,Firmicutes,Clostridia,Clostridia UCG-014,NA,NA,NA
OTU918,Bacteria,Firmicutes,Bacilli,NA,NA,NA,NA
OTU919,Bacteria,Firmicutes,Bacilli,Lactobacillales,NA,NA,NA
OTU920,Bacteria,Firmicutes,Bacilli,Lactobacillales,Lactobacillaceae,Lactobacillus,NA
OTU921,Bacteria,Firmicutes,Bacilli,Lactobacillales,Carnobacteriaceae,NA,NA
OTU922,Bacteria,Bacteroidota,Bacteroidia,Bacteroidales,Muribaculaceae,NA,NA
OTU923,Bacteria,Firmicutes,Clostridia,Clostridia UCG-014,NA,NA,NA
OTU924,Bacteria,Firmicutes,Clostridia,Lachnospirales,Lachnospiraceae,NA,NA
OTU925,Bacteria,Bacteroidota,Bacteroidia,Bacteroidales,Rikenellaceae,Alistipes,NA
OTU926,Bacteria,Firmicutes,Clostridia,Lachnospirales,Lachnospiraceae,GCA-900066575,NA
OTU927,Bacteria,Firmicutes,Clostridia,Oscillospirales,Oscillospiraceae,NK4A214 group,NA
OTU928,Bacteria,Firmicutes,Clostridia,Lachnospirales,Lachnospiraceae,Lachnospiraceae NK4A136 group,NA
OTU929,Bacteria,Firmicutes,Clostridia,Lachnospirales,Lachnospiraceae,NA,NA
OTU930,Bacteria,Firmicutes,Clostridia,Lachnospirales,Lachnospiraceae,NA,NA
OTU931,Bacteria,Firmicutes,Clostridia,Lachnospirales,Lachnospiraceae,Lachnospiraceae NK4A136 group,NA
OTU932,Bacteria,Bacteroidota,Bacteroidia,Bacteroidales,Muribaculaceae,NA,NA
OTU933,Bacteria,Firmicutes,Clostridia,Oscillospirales,NA,NA,NA
OTU934,Bacteria,Bacteroidota,Bacteroidia,Bacteroidales,Muribaculaceae,NA,NA
OTU935,Bacteria,Firmicutes,Clostridia,Lachnospirales,Lachnospiraceae,Lachnospiraceae NK4A136 group,NA
OTU936,Bacteria,Firmicutes,Clostridia,Lachnospirales,Lachnospiraceae,NA,NA
OTU937,Bacteria,Bacteroidota,Bacteroidia,Bacteroidales,Muribaculaceae,NA,NA
OTU938,Bacteria,Bacteroidota,Bacteroidia,Bacteroidales,Muribaculaceae,NA,NA
OTU939,Bacteria,Bacteroidota,Bacteroidia,Bacteroidales,Muribaculaceae,NA,NA
OTU940,Bacteria,Firmicutes,Bacilli,Lactobacillales,Lactobacillaceae,Lactobacillus,NA
OTU941,Bacteria,Firmicutes,Clostridia,Monoglobales,Monoglobaceae,Monoglobus,NA
OTU942,Bacteria,Firmicutes,Bacilli,Lactobacillales,Lactobacillaceae,Lactobacillus,NA
OTU943,Bacteria,Bacteroidota,Bacteroidia,Bacteroidales,Muribaculaceae,NA,NA
OTU944,Bacteria,Firmicutes,Clostridia,Lachnospirales,Lachnospiraceae,Lachnospiraceae NK4A136 group,NA
OTU945,Bacteria,Firmicutes,Clostridia,Oscillospirales,Oscillospiraceae,Colidextribacter,NA
OTU946,Bacteria,Firmicutes,Clostridia,Clostridia vadinBB60 group,NA,NA,NA
OTU947,Bacteria,Firmicutes,Clostridia,Lachnospirales,Lachnospiraceae,NA,NA
OTU948,Bacteria,Bacteroidota,Bacteroidia,Bacteroidales,Muribaculaceae,NA,NA
OTU949,Bacteria,Firmicutes,Bacilli,Lactobacillales,Carnobacteriaceae,NA,NA
OTU950,Bacteria,Firmicutes,Bacilli,Erysipelotrichales,Erysipelatoclostridiaceae,NA,NA
OTU951,Bacteria,Firmicutes,Clostridia,Lachnospirales,Lachnospiraceae,Lachnospiraceae NK4A136 group,NA
OTU952,Bacteria,Firmicutes,Bacilli,NA,NA,NA,NA
OTU953,Bacteria,Bacteroidota,Bacteroidia,Bacteroidales,Muribaculaceae,NA,NA
OTU954,Bacteria,Bacteroidota,Bacteroidia,Bacteroidales,Muribaculaceae,NA,NA
OTU955,Bacteria,Bacteroidota,Bacteroidia,Bacteroidales,Muribaculaceae,NA,NA
OTU956,Bacteria,Firmicutes,Clostridia,Lachnospirales,Lachnospiraceae,[Eubacterium] xylanophilum group,NA
OTU957,Bacteria,Actinobacteriota,Coriobacteriia,Coriobacteriales,Eggerthellaceae,Enterorhabdus,NA
OTU958,Bacteria,Bacteroidota,Bacteroidia,Bacteroidales,Muribaculaceae,NA,NA
OTU959,Bacteria,Firmicutes,Clostridia,Lachnospirales,Lachnospiraceae,NA,NA
OTU960,Bacteria,Firmicutes,Clostridia,Lachnospirales,Lachnospiraceae,NA,NA
OTU961,Bacteria,Bacteroidota,Bacteroidia,Bacteroidales,Muribaculaceae,NA,NA
OTU962,Bacteria,Firmicutes,Clostridia,Lachnospirales,Lachnospiraceae,[Eubacterium] oxidoreducens group,NA
OTU963,Bacteria,Bacteroidota,Bacteroidia,Bacteroidales,Muribaculaceae,NA,NA
OTU964,Bacteria,Bacteroidota,Bacteroidia,Bacteroidales,Muribaculaceae,NA,NA
OTU965,Bacteria,Bacteroidota,Bacteroidia,Bacteroidales,Rikenellaceae,Alistipes,NA
OTU966,Bacteria,Bacteroidota,Bacteroidia,Bacteroidales,Muribaculaceae,NA,NA
OTU967,Bacteria,Firmicutes,Clostridia,Lachnospirales,Lachnospiraceae,NA,NA
OTU968,Bacteria,Firmicutes,Clostridia,Oscillospirales,Ruminococcaceae,NA,NA
OTU969,Bacteria,Firmicutes,Clostridia,Lachnospirales,Lachnospiraceae,NA,NA
OTU970,Bacteria,Firmicutes,Clostridia,Lachnospirales,Lachnospiraceae,Lachnospiraceae NK4A136 group,NA
OTU971,Bacteria,Bacteroidota,Bacteroidia,Bacteroidales,Rikenellaceae,Alistipes,NA
OTU972,Bacteria,Firmicutes,Bacilli,Staphylococcales,Staphylococcaceae,NA,NA
OTU973,Bacteria,Firmicutes,Clostridia,Lachnospirales,Lachnospiraceae,A2,NA
OTU974,Bacteria,Firmicutes,Clostridia,Lachnospirales,Lachnospiraceae,NA,NA
OTU975,Bacteria,Bacteroidota,Bacteroidia,Bacteroidales,Muribaculaceae,NA,NA
OTU976,Bacteria,Bacteroidota,Bacteroidia,Bacteroidales,Muribaculaceae,NA,NA
OTU977,Bacteria,Firmicutes,Clostridia,Clostridia UCG-014,NA,NA,NA
OTU978,Bacteria,Bacteroidota,Bacteroidia,Bacteroidales,Muribaculaceae,NA,NA
OTU979,Bacteria,Firmicutes,Clostridia,Peptostreptococcales-Tissierellales,Anaerovoracaceae,Family XIII AD3011 group,NA
OTU980,Bacteria,Firmicutes,Bacilli,Erysipelotrichales,Erysipelatoclostridiaceae,Erysipelatoclostridium,NA
OTU981,Bacteria,Bacteroidota,Bacteroidia,Bacteroidales,Muribaculaceae,NA,NA
OTU982,Bacteria,Firmicutes,Clostridia,Lachnospirales,Lachnospiraceae,NA,NA
OTU983,Bacteria,Firmicutes,Clostridia,Lachnospirales,Lachnospiraceae,Lachnospiraceae NK4A136 group,NA
OTU984,Bacteria,Firmicutes,Clostridia,Lachnospirales,Lachnospiraceae,NA,NA
OTU985,Bacteria,Firmicutes,Clostridia,Lachnospirales,Lachnospiraceae,NA,NA
OTU986,Bacteria,Bacteroidota,Bacteroidia,Bacteroidales,Muribaculaceae,NA,NA
OTU987,Bacteria,Bacteroidota,Bacteroidia,Bacteroidales,Muribaculaceae,NA,NA
OTU988,Bacteria,Bacteroidota,Bacteroidia,Bacteroidales,Muribaculaceae,NA,NA
OTU989,Bacteria,Bacteroidota,Bacteroidia,Bacteroidales,Muribaculaceae,NA,NA
OTU990,Bacteria,Firmicutes,Clostridia,Lachnospirales,Lachnospiraceae,Lachnoclostridium,NA
OTU991,Bacteria,NA,NA,NA,NA,NA,NA
OTU992,Bacteria,Bacteroidota,Bacteroidia,Bacteroidales,Muribaculaceae,NA,NA
OTU993,Bacteria,Bacteroidota,Bacteroidia,Bacteroidales,Rikenellaceae,Alistipes,NA
OTU994,Bacteria,Firmicutes,Clostridia,Lachnospirales,Lachnospiraceae,NA,NA
OTU995,Bacteria,Bacteroidota,Bacteroidia,Bacteroidales,Muribaculaceae,NA,NA
OTU996,Bacteria,Firmicutes,Clostridia,Lachnospirales,Lachnospiraceae,NA,NA
OTU997,Bacteria,Firmicutes,Clostridia,Lachnospirales,Lachnospiraceae,Lachnospiraceae UCG-008,NA
OTU998,Bacteria,Bacteroidota,Bacteroidia,Bacteroidales,NA,NA,NA
OTU999,Bacteria,Firmicutes,Clostridia,Lachnospirales,Lachnospiraceae,Lachnospiraceae NK4A136 group,NA
OTU1000,Bacteria,Firmicutes,Bacilli,Lactobacillales,NA,NA,NA
OTU1001,Bacteria,Firmicutes,Bacilli,Staphylococcales,Staphylococcaceae,Macrococcus,NA
OTU1002,Bacteria,Firmicutes,Bacilli,Lactobacillales,Carnobacteriaceae,NA,NA
OTU1003,Bacteria,Firmicutes,Bacilli,Staphylococcales,Staphylococcaceae,Jeotgalicoccus,NA
OTU1004,Bacteria,Firmicutes,Bacilli,Staphylococcales,Staphylococcaceae,Staphylococcus,NA
OTU1005,Bacteria,Firmicutes,Bacilli,Lactobacillales,Lactobacillaceae,Lactobacillus,NA
OTU1006,Bacteria,Actinobacteriota,Coriobacteriia,Coriobacteriales,Eggerthellaceae,Enterorhabdus,NA
OTU1007,Bacteria,Firmicutes,NA,NA,NA,NA,NA
OTU1008,Bacteria,Bacteroidota,Bacteroidia,Bacteroidales,Muribaculaceae,NA,NA
OTU1009,Bacteria,Firmicutes,Clostridia,Lachnospirales,Lachnospiraceae,Lachnospiraceae NK4A136 group,NA
OTU1010,Bacteria,Bacteroidota,Bacteroidia,Bacteroidales,Muribaculaceae,NA,NA
OTU1011,Bacteria,Firmicutes,Clostridia,NA,NA,NA,NA
OTU1012,Bacteria,Firmicutes,Clostridia,Lachnospirales,Lachnospiraceae,Lachnospiraceae NK4A136 group,NA
OTU1013,Bacteria,Bacteroidota,Bacteroidia,Bacteroidales,Muribaculaceae,NA,NA
OTU1014,Bacteria,Bacteroidota,Bacteroidia,Bacteroidales,Muribaculaceae,NA,NA
OTU1015,Bacteria,Firmicutes,Clostridia,Lachnospirales,Lachnospiraceae,Lachnospiraceae NK4A136 group,NA
OTU1016,Bacteria,Firmicutes,Clostridia,Lachnospirales,Lachnospiraceae,NA,NA
OTU1017,Bacteria,Bacteroidota,Bacteroidia,Bacteroidales,Muribaculaceae,NA,NA
OTU1018,Bacteria,Firmicutes,Clostridia,Lachnospirales,Lachnospiraceae,NA,NA
OTU1019,Bacteria,Bacteroidota,Bacteroidia,Bacteroidales,NA,NA,NA
OTU1020,Bacteria,Firmicutes,Clostridia,Lachnospirales,Lachnospiraceae,NA,NA
OTU1021,Bacteria,Firmicutes,Clostridia,Lachnospirales,Lachnospiraceae,NA,NA
OTU1022,Bacteria,Firmicutes,Clostridia,Lachnospirales,Lachnospiraceae,Lachnospiraceae NK4A136 group,NA
OTU1023,Bacteria,Bacteroidota,Bacteroidia,Bacteroidales,Muribaculaceae,NA,NA
OTU1024,Bacteria,Firmicutes,Clostridia,Lachnospirales,Lachnospiraceae,Lachnospiraceae NK4A136 group,NA
OTU1025,Bacteria,Firmicutes,Clostridia,Oscillospirales,Oscillospiraceae,Oscillibacter,NA
OTU1026,Bacteria,Bacteroidota,Bacteroidia,Bacteroidales,Muribaculaceae,NA,NA
OTU1027,Bacteria,NA,NA,NA,NA,NA,NA
OTU1028,Bacteria,Firmicutes,Clostridia,Lachnospirales,Lachnospiraceae,Lachnospiraceae NK4A136 group,NA
OTU1029,Bacteria,Firmicutes,Clostridia,Oscillospirales,Butyricicoccaceae,Butyricicoccus,NA
OTU1030,Bacteria,Firmicutes,Clostridia,Eubacteriales,Anaerofustaceae,Anaerofustis,NA
OTU1031,Bacteria,Firmicutes,Clostridia,Lachnospirales,Lachnospiraceae,Lachnospiraceae UCG-008,NA
OTU1032,Bacteria,Actinobacteriota,Coriobacteriia,Coriobacteriales,Atopobiaceae,Coriobacteriaceae UCG-002,NA
OTU1033,Bacteria,Bacteroidota,Bacteroidia,Bacteroidales,Muribaculaceae,NA,NA
OTU1034,Bacteria,Bacteroidota,Bacteroidia,Bacteroidales,Muribaculaceae,NA,NA
OTU1035,Bacteria,Bacteroidota,Bacteroidia,Bacteroidales,Muribaculaceae,NA,NA
OTU1036,Bacteria,Firmicutes,Bacilli,Staphylococcales,Staphylococcaceae,NA,NA
OTU1037,Bacteria,Firmicutes,Bacilli,Staphylococcales,Staphylococcaceae,Macrococcus,NA
OTU1038,Bacteria,Firmicutes,Bacilli,Lactobacillales,NA,NA,NA
OTU1039,Bacteria,Firmicutes,Bacilli,Staphylococcales,Staphylococcaceae,Staphylococcus,NA
OTU1040,Bacteria,Firmicutes,Bacilli,Lactobacillales,Lactobacillaceae,Lactobacillus,NA
OTU1041,Bacteria,Firmicutes,Clostridia,Lachnospirales,Lachnospiraceae,A2,NA
OTU1042,Bacteria,Bacteroidota,Bacteroidia,Bacteroidales,Muribaculaceae,NA,NA
OTU1043,Bacteria,Bacteroidota,Bacteroidia,Bacteroidales,Rikenellaceae,Alistipes,NA
OTU1044,Bacteria,Firmicutes,Bacilli,Lactobacillales,NA,NA,NA
OTU1045,Bacteria,Bacteroidota,Bacteroidia,Bacteroidales,Rikenellaceae,Alistipes,NA
OTU1046,Bacteria,Firmicutes,Clostridia,Clostridia UCG-014,NA,NA,NA
OTU1047,Bacteria,Firmicutes,Bacilli,Lactobacillales,Carnobacteriaceae,NA,NA
OTU1048,Bacteria,Firmicutes,Bacilli,Lactobacillales,Carnobacteriaceae,Atopostipes,NA
OTU1049,Bacteria,Firmicutes,Bacilli,Staphylococcales,Staphylococcaceae,Macrococcus,NA
OTU1050,Bacteria,Firmicutes,Bacilli,Staphylococcales,Staphylococcaceae,NA,NA
OTU1051,Bacteria,Firmicutes,Clostridia,Lachnospirales,Lachnospiraceae,NA,NA
OTU1052,Bacteria,Bacteroidota,Bacteroidia,Bacteroidales,Muribaculaceae,NA,NA
OTU1053,Bacteria,Firmicutes,Clostridia,Lachnospirales,Lachnospiraceae,Lachnospiraceae NK4A136 group,NA
OTU1054,Bacteria,Bacteroidota,Bacteroidia,Bacteroidales,Muribaculaceae,NA,NA
OTU1055,Bacteria,Bacteroidota,Bacteroidia,Bacteroidales,Muribaculaceae,NA,NA
OTU1056,Bacteria,Firmicutes,Clostridia,Clostridia vadinBB60 group,NA,NA,NA
OTU1057,Bacteria,Bacteroidota,Bacteroidia,Bacteroidales,Muribaculaceae,NA,NA
OTU1058,Bacteria,Bacteroidota,Bacteroidia,Bacteroidales,Muribaculaceae,NA,NA
OTU1059,Bacteria,Firmicutes,Clostridia,Lachnospirales,Lachnospiraceae,NA,NA
OTU1060,Bacteria,Bacteroidota,Bacteroidia,Bacteroidales,Muribaculaceae,NA,NA
OTU1061,Bacteria,Bacteroidota,Bacteroidia,Bacteroidales,Muribaculaceae,NA,NA
OTU1062,Bacteria,Bacteroidota,Bacteroidia,Bacteroidales,Muribaculaceae,NA,NA
OTU1063,Bacteria,Bacteroidota,Bacteroidia,Bacteroidales,Muribaculaceae,NA,NA
OTU1064,Bacteria,Firmicutes,Clostridia,Lachnospirales,Lachnospiraceae,Lachnospiraceae NK4A136 group,NA
OTU1065,Bacteria,Firmicutes,Clostridia,Lachnospirales,Lachnospiraceae,Lachnospiraceae NK4A136 group,NA
OTU1066,Bacteria,Firmicutes,Clostridia,Lachnospirales,Lachnospiraceae,Lachnospiraceae NK4A136 group,NA
OTU1067,Bacteria,Firmicutes,Clostridia,Lachnospirales,Lachnospiraceae,Lachnospiraceae NK4A136 group,NA
OTU1068,Bacteria,NA,NA,NA,NA,NA,NA
OTU1069,Bacteria,Bacteroidota,Bacteroidia,Bacteroidales,Rikenellaceae,Alistipes,NA
OTU1070,Bacteria,Bacteroidota,Bacteroidia,Bacteroidales,Muribaculaceae,NA,NA
OTU1071,Bacteria,Bacteroidota,Bacteroidia,Bacteroidales,Muribaculaceae,NA,NA
OTU1072,Bacteria,Bacteroidota,Bacteroidia,Bacteroidales,Muribaculaceae,NA,NA
OTU1073,Bacteria,Bacteroidota,Bacteroidia,Bacteroidales,Muribaculaceae,NA,NA
OTU1074,Bacteria,Firmicutes,Clostridia,Lachnospirales,Lachnospiraceae,Marvinbryantia,NA
OTU1075,Bacteria,Firmicutes,Bacilli,Lactobacillales,Enterococcaceae,NA,NA
OTU1076,Bacteria,Firmicutes,Clostridia,Oscillospirales,Oscillospiraceae,Colidextribacter,NA
OTU1077,Bacteria,Firmicutes,Clostridia,Lachnospirales,Lachnospiraceae,NA,NA
OTU1078,Bacteria,Firmicutes,Clostridia,Monoglobales,Monoglobaceae,Monoglobus,NA
OTU1079,Bacteria,Firmicutes,Clostridia,Oscillospirales,Oscillospiraceae,NA,NA
OTU1080,Bacteria,Firmicutes,Clostridia,Clostridia UCG-014,NA,NA,NA
OTU1081,Bacteria,Firmicutes,Bacilli,Staphylococcales,Staphylococcaceae,NA,NA
OTU1082,Bacteria,Firmicutes,Bacilli,NA,NA,NA,NA
OTU1083,Bacteria,Firmicutes,Bacilli,Staphylococcales,Staphylococcaceae,NA,NA
OTU1084,Bacteria,Firmicutes,Clostridia,Clostridia UCG-014,NA,NA,NA
OTU1085,Bacteria,Firmicutes,Bacilli,Staphylococcales,Staphylococcaceae,NA,NA
OTU1086,Bacteria,Firmicutes,Bacilli,NA,NA,NA,NA
OTU1087,Bacteria,NA,NA,NA,NA,NA,NA
OTU1088,Bacteria,Firmicutes,Bacilli,Lactobacillales,Carnobacteriaceae,NA,NA
OTU1089,Bacteria,Firmicutes,Clostridia,Clostridia UCG-014,NA,NA,NA
OTU1090,Bacteria,Firmicutes,Bacilli,Staphylococcales,Staphylococcaceae,NA,NA
OTU1091,Bacteria,Firmicutes,Bacilli,Lactobacillales,NA,NA,NA
OTU1092,Bacteria,Firmicutes,Bacilli,Staphylococcales,Staphylococcaceae,NA,NA
OTU1093,Bacteria,Firmicutes,Clostridia,Oscillospirales,Ruminococcaceae,Ruminococcus,NA
OTU1094,Bacteria,Bacteroidota,Bacteroidia,Bacteroidales,Rikenellaceae,Alistipes,NA
OTU1095,Bacteria,Bacteroidota,Bacteroidia,Bacteroidales,Muribaculaceae,NA,NA
OTU1096,Bacteria,Bacteroidota,Bacteroidia,Bacteroidales,Muribaculaceae,NA,NA
OTU1097,Bacteria,Bacteroidota,Bacteroidia,Bacteroidales,Muribaculaceae,NA,NA
OTU1098,Bacteria,Bacteroidota,Bacteroidia,Bacteroidales,Muribaculaceae,NA,NA
OTU1099,Bacteria,Bacteroidota,Bacteroidia,Bacteroidales,Muribaculaceae,NA,NA
OTU1100,Bacteria,Bacteroidota,Bacteroidia,Bacteroidales,Muribaculaceae,NA,NA
OTU1101,Bacteria,Bacteroidota,Bacteroidia,Bacteroidales,Muribaculaceae,NA,NA
OTU1102,Bacteria,Firmicutes,Clostridia,Oscillospirales,Ruminococcaceae,NA,NA
OTU1103,Bacteria,Bacteroidota,Bacteroidia,Bacteroidales,Muribaculaceae,NA,NA
OTU1104,Bacteria,Bacteroidota,Bacteroidia,Bacteroidales,Muribaculaceae,NA,NA
OTU1105,Bacteria,Bacteroidota,Bacteroidia,Bacteroidales,Muribaculaceae,NA,NA
OTU1106,Bacteria,Bacteroidota,Bacteroidia,Bacteroidales,NA,NA,NA
OTU1107,Bacteria,Bacteroidota,Bacteroidia,Bacteroidales,Rikenellaceae,Alistipes,NA
OTU1108,Bacteria,Bacteroidota,Bacteroidia,Bacteroidales,Muribaculaceae,NA,NA
OTU1109,Bacteria,Firmicutes,Clostridia,Lachnospirales,Lachnospiraceae,NA,NA
OTU1110,Bacteria,Bacteroidota,Bacteroidia,Bacteroidales,NA,NA,NA
OTU1111,Bacteria,Firmicutes,Bacilli,Staphylococcales,Staphylococcaceae,NA,NA
OTU1112,Bacteria,Firmicutes,Bacilli,Staphylococcales,Staphylococcaceae,NA,NA
OTU1113,Bacteria,Bacteroidota,Bacteroidia,Bacteroidales,Rikenellaceae,Alistipes,NA
OTU1114,Bacteria,Firmicutes,Bacilli,NA,NA,NA,NA
OTU1115,Bacteria,Firmicutes,Bacilli,Staphylococcales,Staphylococcaceae,NA,NA
OTU1116,Bacteria,Firmicutes,Clostridia,Clostridia vadinBB60 group,NA,NA,NA
OTU1117,Bacteria,Firmicutes,Bacilli,Lactobacillales,Enterococcaceae,NA,NA
OTU1118,Bacteria,Firmicutes,Clostridia,Lachnospirales,Lachnospiraceae,Lachnospiraceae UCG-008,NA
OTU1119,Bacteria,Firmicutes,Clostridia,Lachnospirales,Lachnospiraceae,Lachnospiraceae NK4A136 group,NA
OTU1120,Bacteria,Bacteroidota,Bacteroidia,Bacteroidales,Muribaculaceae,NA,NA
OTU1121,Bacteria,Bacteroidota,Bacteroidia,Bacteroidales,Muribaculaceae,NA,NA
OTU1122,Bacteria,Bacteroidota,Bacteroidia,Bacteroidales,Muribaculaceae,NA,NA
OTU1123,Bacteria,Bacteroidota,Bacteroidia,Bacteroidales,Muribaculaceae,NA,NA
OTU1124,Bacteria,Bacteroidota,Bacteroidia,Bacteroidales,Muribaculaceae,NA,NA
OTU1125,Bacteria,Bacteroidota,Bacteroidia,Bacteroidales,Muribaculaceae,NA,NA
OTU1126,Bacteria,Firmicutes,Clostridia,NA,NA,NA,NA
OTU1127,Bacteria,Bacteroidota,Bacteroidia,Bacteroidales,Muribaculaceae,NA,NA
OTU1128,Bacteria,Firmicutes,Clostridia,Oscillospirales,Oscillospiraceae,NA,NA
OTU1129,Bacteria,Firmicutes,Clostridia,Lachnospirales,Lachnospiraceae,NA,NA
OTU1130,Bacteria,Firmicutes,Clostridia,Clostridia vadinBB60 group,NA,NA,NA
OTU1131,Bacteria,Firmicutes,Clostridia,Oscillospirales,Ruminococcaceae,Anaerotruncus,NA
OTU1132,Bacteria,Firmicutes,Clostridia,Lachnospirales,Lachnospiraceae,NA,NA
OTU1133,Bacteria,Firmicutes,Clostridia,Lachnospirales,Lachnospiraceae,NA,NA
OTU1134,Bacteria,Bacteroidota,Bacteroidia,Bacteroidales,Rikenellaceae,Alistipes,NA
OTU1135,Bacteria,Firmicutes,Clostridia,Clostridia vadinBB60 group,NA,NA,NA
OTU1136,Bacteria,Proteobacteria,Gammaproteobacteria,Enterobacterales,Yersiniaceae,NA,NA
OTU1137,Bacteria,Firmicutes,Bacilli,Lactobacillales,Enterococcaceae,NA,NA
OTU1138,Bacteria,Firmicutes,Clostridia,Clostridia vadinBB60 group,NA,NA,NA
OTU1139,Bacteria,NA,NA,NA,NA,NA,NA
OTU1140,Bacteria,Bacteroidota,Bacteroidia,Bacteroidales,Rikenellaceae,Alistipes,NA
OTU1141,Bacteria,Firmicutes,Clostridia,NA,NA,NA,NA
OTU1142,Bacteria,Bacteroidota,Bacteroidia,Bacteroidales,Rikenellaceae,Alistipes,NA
OTU1143,Bacteria,Bacteroidota,Bacteroidia,Bacteroidales,Rikenellaceae,Alistipes,NA
OTU1144,Bacteria,Firmicutes,Clostridia,Lachnospirales,Lachnospiraceae,Lachnospiraceae NK4A136 group,NA
OTU1145,Bacteria,Firmicutes,Clostridia,Lachnospirales,Lachnospiraceae,NA,NA
OTU1146,Bacteria,Firmicutes,Clostridia,Lachnospirales,Lachnospiraceae,NA,NA
OTU1147,Bacteria,NA,NA,NA,NA,NA,NA
OTU1148,Bacteria,Firmicutes,Clostridia,Lachnospirales,Lachnospiraceae,NA,NA
OTU1149,Bacteria,Firmicutes,Clostridia,Lachnospirales,Lachnospiraceae,NA,NA
OTU1150,Bacteria,Firmicutes,Clostridia,NA,NA,NA,NA
OTU1151,Bacteria,Bacteroidota,Bacteroidia,Bacteroidales,Muribaculaceae,NA,NA
OTU1152,Bacteria,Bacteroidota,Bacteroidia,Bacteroidales,Rikenellaceae,Alistipes,NA
